{
  "version": 3,
  "targets": {
    ".NETFramework,Version=v4.6.1": {
      "AForge/2.2.5": {
        "type": "package",
        "compile": {
          "lib/_._": {}
        },
        "runtime": {
          "lib/AForge.dll": {}
        }
      },
      "AForge.Genetic/2.2.5": {
        "type": "package",
        "dependencies": {
          "AForge": "2.2.5",
          "AForge.Math": "2.2.5"
        },
        "compile": {
          "lib/_._": {}
        },
        "runtime": {
          "lib/AForge.Genetic.dll": {}
        }
      },
      "AForge.Imaging/2.2.5": {
        "type": "package",
        "dependencies": {
          "AForge": "2.2.5",
          "AForge.Math": "2.2.5"
        },
        "compile": {
          "lib/_._": {}
        },
        "runtime": {
          "lib/AForge.Imaging.dll": {}
        }
      },
      "AForge.Math/2.2.5": {
        "type": "package",
        "dependencies": {
          "AForge": "2.2.5"
        },
        "compile": {
          "lib/_._": {}
        },
        "runtime": {
          "lib/AForge.Math.dll": {}
        }
      },
      "AForge.Neuro/2.2.5": {
        "type": "package",
        "dependencies": {
          "AForge": "2.2.5",
          "AForge.Genetic": "2.2.5",
          "AForge.Math": "2.2.5"
        },
        "compile": {
          "lib/_._": {}
        },
        "runtime": {
          "lib/AForge.Neuro.dll": {}
        }
      },
      "AvalonEdit/5.0.3": {
        "type": "package",
        "compile": {
          "lib/Net40/_._": {}
        },
        "runtime": {
          "lib/Net40/ICSharpCode.AvalonEdit.dll": {}
        }
      },
      "BitMiracle.Docotic.Pdf/5.2.8369": {
        "type": "package",
        "compile": {
          "lib/net40/_._": {}
        },
        "runtime": {
          "lib/net40/BitMiracle.Docotic.Pdf.dll": {}
        }
      },
      "BouncyCastle/1.8.1": {
        "type": "package",
        "compile": {
          "lib/_._": {}
        },
        "runtime": {
          "lib/BouncyCastle.Crypto.dll": {}
        }
      },
      "Caliburn.Micro/3.0.1": {
        "type": "package",
        "dependencies": {
          "Caliburn.Micro.Core": "[3.0.1]"
        },
        "compile": {
          "lib/net45/_._": {}
        },
        "runtime": {
          "lib/net45/Caliburn.Micro.Platform.Core.dll": {},
          "lib/net45/Caliburn.Micro.Platform.dll": {},
          "lib/net45/System.Windows.Interactivity.dll": {}
        }
      },
      "Caliburn.Micro.Core/3.0.1": {
        "type": "package",
        "compile": {
          "lib/net45/_._": {}
        },
        "runtime": {
          "lib/net45/Caliburn.Micro.dll": {}
        }
      },
      "ClosedXML/0.87.1": {
        "type": "package",
        "dependencies": {
          "DocumentFormat.OpenXml": "2.5.0"
        },
        "compile": {
          "lib/net40/_._": {}
        },
        "runtime": {
          "lib/net40/ClosedXML.dll": {}
        }
      },
      "CredentialManagement/1.0.2": {
        "type": "package",
        "frameworkAssemblies": [
          "CredentialManagement"
        ],
        "compile": {
          "lib/net35/_._": {}
        },
        "runtime": {
          "lib/net35/CredentialManagement.dll": {}
        }
      },
      "CsvHelper/2.13.5": {
        "type": "package",
        "compile": {
          "lib/net40-client/_._": {}
        },
        "runtime": {
          "lib/net40-client/CsvHelper.dll": {}
        }
      },
      "DocumentFormat.OpenXml/2.5.0": {
        "type": "package",
        "compile": {
          "lib/_._": {}
        },
        "runtime": {
          "lib/DocumentFormat.OpenXml.dll": {}
        }
      },
      "DocX/1.0.0.18": {
        "type": "package",
        "compile": {
          "lib/net40/_._": {}
        },
        "runtime": {
          "lib/net40/DocX.dll": {}
        }
      },
      "Extended.Wpf.Toolkit/2.8.0": {
        "type": "package",
        "frameworkAssemblies": [
          "PresentationCore",
          "PresentationFramework",
          "System",
          "System.Xaml",
          "WindowsBase"
        ],
        "compile": {
          "lib/net40/_._": {}
        },
        "runtime": {
          "lib/net40/Xceed.Wpf.AvalonDock.Themes.Aero.dll": {},
          "lib/net40/Xceed.Wpf.AvalonDock.Themes.Metro.dll": {},
          "lib/net40/Xceed.Wpf.AvalonDock.Themes.VS2010.dll": {},
          "lib/net40/Xceed.Wpf.AvalonDock.dll": {},
          "lib/net40/Xceed.Wpf.DataGrid.dll": {},
          "lib/net40/Xceed.Wpf.Toolkit.dll": {}
        },
        "resource": {
          "lib/net40/de/Xceed.Wpf.AvalonDock.resources.dll": {
            "locale": "de"
          },
          "lib/net40/es/Xceed.Wpf.AvalonDock.resources.dll": {
            "locale": "es"
          },
          "lib/net40/fr/Xceed.Wpf.AvalonDock.resources.dll": {
            "locale": "fr"
          },
          "lib/net40/hu/Xceed.Wpf.AvalonDock.resources.dll": {
            "locale": "hu"
          },
          "lib/net40/it/Xceed.Wpf.AvalonDock.resources.dll": {
            "locale": "it"
          },
          "lib/net40/pt-BR/Xceed.Wpf.AvalonDock.resources.dll": {
            "locale": "pt-BR"
          },
          "lib/net40/ro/Xceed.Wpf.AvalonDock.resources.dll": {
            "locale": "ro"
          },
          "lib/net40/ru/Xceed.Wpf.AvalonDock.resources.dll": {
            "locale": "ru"
          },
          "lib/net40/sv/Xceed.Wpf.AvalonDock.resources.dll": {
            "locale": "sv"
          },
          "lib/net40/zh-Hans/Xceed.Wpf.AvalonDock.resources.dll": {
            "locale": "zh-Hans"
          }
        }
      },
      "FSharp.Core/4.0.0.1": {
        "type": "package",
        "compile": {
          "lib/net40/_._": {}
        },
        "runtime": {
          "lib/net40/FSharp.Core.dll": {}
        }
      },
      "Humanizer.Core/2.4.2": {
        "type": "package",
        "compile": {
          "lib/netstandard2.0/_._": {}
        },
        "runtime": {
          "lib/netstandard2.0/Humanizer.dll": {}
        }
      },
      "IvanAkcheurov.NTextCat.Lib/0.2.1.1": {
        "type": "package",
        "compile": {
          "lib/net40/_._": {}
        },
        "runtime": {
          "lib/net40/IvanAkcheurov.Commons.dll": {},
          "lib/net40/IvanAkcheurov.NClassify.dll": {},
          "lib/net40/IvanAkcheurov.NTextCat.Lib.dll": {}
        }
      },
      "MathNet.Numerics/4.5.1": {
        "type": "package",
        "frameworkAssemblies": [
          "System",
          "System.Core",
          "System.Numerics",
          "System.Runtime.Serialization"
        ],
        "compile": {
          "lib/net461/_._": {}
        },
        "runtime": {
          "lib/net461/MathNet.Numerics.dll": {}
        }
      },
      "Metrics.NET/0.5.5": {
        "type": "package",
        "compile": {
          "lib/net45/_._": {}
        },
        "runtime": {
          "lib/net45/Metrics.dll": {}
        }
      },
      "Microsoft.Activities/1.0.1": {
        "type": "package",
        "compile": {
          "lib/net45/_._": {}
        },
        "runtime": {
          "lib/net45/Microsoft.Activities.Design.Services.dll": {},
          "lib/net45/Microsoft.Activities.Design.dll": {},
          "lib/net45/Microsoft.Activities.dll": {},
          "lib/net45/Microsoft.Workflow.Client.dll": {},
          "lib/net45/Microsoft.Workflow.Common.dll": {},
          "lib/net45/Microsoft.Workflow.Tracing.dll": {}
        }
      },
      "Microsoft.Exchange.WebServices/2.2.0": {
        "type": "package",
        "compile": {
          "lib/40/_._": {}
        },
        "runtime": {
          "lib/40/Microsoft.Exchange.WebServices.Auth.dll": {},
          "lib/40/Microsoft.Exchange.WebServices.dll": {}
        }
      },
      "Microsoft.Rest.ClientRuntime/2.3.10": {
        "type": "package",
        "dependencies": {
          "Newtonsoft.Json": "6.0.8"
        },
        "compile": {
          "lib/net452/_._": {}
        },
        "runtime": {
          "lib/net452/Microsoft.Rest.ClientRuntime.dll": {}
        }
      },
      "Microsoft.VisualStudio.OLE.Interop/7.10.6071": {
        "type": "package",
        "compile": {
          "lib/_._": {}
        },
        "runtime": {
          "lib/Microsoft.VisualStudio.OLE.Interop.dll": {}
        }
      },
      "Newtonsoft.Json/11.0.2": {
        "type": "package",
        "compile": {
          "lib/net45/_._": {}
        },
        "runtime": {
          "lib/net45/Newtonsoft.Json.dll": {}
        }
      },
      "NPOI/2.4.1": {
        "type": "package",
        "dependencies": {
          "SharpZipLib": "1.0.0"
        },
        "compile": {
          "lib/net45/_._": {}
        },
        "runtime": {
          "lib/net45/NPOI.OOXML.dll": {},
          "lib/net45/NPOI.OpenXml4Net.dll": {},
          "lib/net45/NPOI.OpenXmlFormats.dll": {},
          "lib/net45/NPOI.dll": {}
        }
      },
      "Numsense/0.12.0": {
        "type": "package",
        "dependencies": {
          "FSharp.Core": "4.0.0.1"
        },
        "compile": {
          "lib/net45/_._": {}
        },
        "runtime": {
          "lib/net45/Ploeh.Numsense.dll": {}
        }
      },
      "RestSharp/106.3.1": {
        "type": "package",
        "frameworkAssemblies": [
          "System.Web"
        ],
        "compile": {
          "lib/net452/_._": {}
        },
        "runtime": {
          "lib/net452/RestSharp.dll": {}
        }
      },
      "SharpZipLib/1.0.0": {
        "type": "package",
        "compile": {
          "lib/net45/_._": {}
        },
        "runtime": {
          "lib/net45/ICSharpCode.SharpZipLib.dll": {}
        }
      },
      "System.Collections.Immutable/1.5.0": {
        "type": "package",
        "compile": {
          "lib/netstandard2.0/_._": {}
        },
        "runtime": {
          "lib/netstandard2.0/System.Collections.Immutable.dll": {}
        }
      },
      "System.Runtime.InteropServices.RuntimeInformation/4.3.0": {
        "type": "package",
        "compile": {
          "ref/netstandard1.1/_._": {}
        },
        "runtime": {
          "lib/net45/System.Runtime.InteropServices.RuntimeInformation.dll": {}
        },
        "runtimeTargets": {
          "runtimes/unix/lib/netstandard1.1/System.Runtime.InteropServices.RuntimeInformation.dll": {
            "assetType": "runtime",
            "rid": "unix"
          },
          "runtimes/win/lib/net45/System.Runtime.InteropServices.RuntimeInformation.dll": {
            "assetType": "runtime",
            "rid": "win"
          }
        }
      },
      "System.ValueTuple/4.5.0": {
        "type": "package",
        "frameworkAssemblies": [
          "System",
          "mscorlib"
        ],
        "compile": {
          "ref/net461/_._": {}
        },
        "runtime": {
          "lib/net461/System.ValueTuple.dll": {}
        }
      },
      "UiPath/10.0.6929.25268": {
        "type": "package",
        "compile": {
          "lib/_._": {}
        },
        "runtime": {
          "lib/UiPath.Interop.dll": {}
        },
        "build": {
          "build/_._": {}
        }
      },
      "UiPath.CefSharpBundle/1.0.0": {
        "type": "package",
        "compile": {
          "lib/net452/_._": {}
        },
        "runtime": {
          "lib/net452/CefSharp.Core.dll": {},
          "lib/net452/CefSharp.Wpf.dll": {},
          "lib/net452/CefSharp.dll": {}
        },
        "build": {
          "build/_._": {}
        }
      },
      "UiPath.Cognitive.Activities/2.2.0": {
        "type": "package",
        "dependencies": {
          "Newtonsoft.Json": "8.0.3"
        },
        "compile": {
          "lib/net452/_._": {}
        },
        "runtime": {
          "lib/net452/UiPath.Cognitive.Activities.Design.dll": {},
          "lib/net452/UiPath.Cognitive.Activities.dll": {},
          "lib/net452/UiPath.Cognitive.dll": {}
        },
        "resource": {
          "lib/net452/fr/UiPath.Cognitive.Activities.Design.resources.dll": {
            "locale": "fr"
          },
          "lib/net452/fr/UiPath.Cognitive.Activities.resources.dll": {
            "locale": "fr"
          },
          "lib/net452/fr/UiPath.Cognitive.resources.dll": {
            "locale": "fr"
          },
          "lib/net452/ja/UiPath.Cognitive.Activities.Design.resources.dll": {
            "locale": "ja"
          },
          "lib/net452/ja/UiPath.Cognitive.Activities.resources.dll": {
            "locale": "ja"
          },
          "lib/net452/ja/UiPath.Cognitive.resources.dll": {
            "locale": "ja"
          },
          "lib/net452/ru/UiPath.Cognitive.Activities.Design.resources.dll": {
            "locale": "ru"
          },
          "lib/net452/ru/UiPath.Cognitive.Activities.resources.dll": {
            "locale": "ru"
          },
          "lib/net452/ru/UiPath.Cognitive.resources.dll": {
            "locale": "ru"
          }
        }
      },
      "UiPath.Credentials.Activities/1.1.6479.13204": {
        "type": "package",
        "dependencies": {
          "CredentialManagement": "1.0.2"
        },
        "compile": {
          "lib/net40-client/_._": {}
        },
        "runtime": {
          "lib/net40-client/UiPath.Credentials.Activities.dll": {}
        }
      },
      "UiPath.Database.Activities/1.2.6863.32528": {
        "type": "package",
        "compile": {
          "lib/net40-Client/_._": {}
        },
        "runtime": {
          "lib/net40-Client/Microsoft.Data.ConnectionUI.Dialog.dll": {},
          "lib/net40-Client/UiPath.Database.Activities.Design.dll": {},
          "lib/net40-Client/UiPath.Database.Activities.dll": {},
          "lib/net40-Client/UiPath.Database.dll": {}
        },
        "resource": {
          "lib/net40-Client/de/UiPath.Database.Activities.Design.resources.dll": {
            "locale": "de"
          },
          "lib/net40-Client/de/UiPath.Database.Activities.resources.dll": {
            "locale": "de"
          },
          "lib/net40-Client/de/UiPath.Database.resources.dll": {
            "locale": "de"
          },
          "lib/net40-Client/fr/UiPath.Database.Activities.Design.resources.dll": {
            "locale": "fr"
          },
          "lib/net40-Client/fr/UiPath.Database.Activities.resources.dll": {
            "locale": "fr"
          },
          "lib/net40-Client/fr/UiPath.Database.resources.dll": {
            "locale": "fr"
          },
          "lib/net40-Client/ja/UiPath.Database.Activities.Design.resources.dll": {
            "locale": "ja"
          },
          "lib/net40-Client/ja/UiPath.Database.Activities.resources.dll": {
            "locale": "ja"
          },
          "lib/net40-Client/ja/UiPath.Database.resources.dll": {
            "locale": "ja"
          }
        }
      },
      "UiPath.Excel.Activities/2.5.2": {
        "type": "package",
        "dependencies": {
          "ClosedXML": "0.87.1",
          "CsvHelper": "2.13.5",
          "DocumentFormat.OpenXml": "2.5.0",
          "Microsoft.VisualStudio.OLE.Interop": "7.10.6071",
          "NPOI": "2.4.1",
          "SharpZipLib": "1.0.0"
        },
        "compile": {
          "lib/net452/_._": {}
        },
        "runtime": {
          "lib/net452/UiPath.Excel.Activities.Design.dll": {},
          "lib/net452/UiPath.Excel.Activities.dll": {},
          "lib/net452/UiPath.Excel.dll": {}
        },
        "resource": {
          "lib/net452/fr/UiPath.Excel.Activities.Design.resources.dll": {
            "locale": "fr"
          },
          "lib/net452/fr/UiPath.Excel.Activities.resources.dll": {
            "locale": "fr"
          },
          "lib/net452/fr/UiPath.Excel.resources.dll": {
            "locale": "fr"
          },
          "lib/net452/ja/UiPath.Excel.Activities.Design.resources.dll": {
            "locale": "ja"
          },
          "lib/net452/ja/UiPath.Excel.Activities.resources.dll": {
            "locale": "ja"
          },
          "lib/net452/ja/UiPath.Excel.resources.dll": {
            "locale": "ja"
          },
          "lib/net452/ru/UiPath.Excel.Activities.Design.resources.dll": {
            "locale": "ru"
          },
          "lib/net452/ru/UiPath.Excel.Activities.resources.dll": {
            "locale": "ru"
          },
          "lib/net452/ru/UiPath.Excel.resources.dll": {
            "locale": "ru"
          }
        }
      },
      "UiPath.IntelligentOCR.Activities/1.5.0": {
        "type": "package",
        "dependencies": {
          "AForge.Imaging": "2.2.5",
          "AForge.Neuro": "2.2.5",
          "BitMiracle.Docotic.Pdf": "5.2.8369",
          "CsvHelper": "2.13.5",
          "IvanAkcheurov.NTextCat.Lib": "0.2.1.1",
          "MathNet.Numerics": "4.5.1",
          "Metrics.NET": "0.5.5",
          "Newtonsoft.Json": "11.0.2",
          "Numsense": "0.12.0",
          "System.Collections.Immutable": "1.5.0",
          "System.Runtime.InteropServices.RuntimeInformation": "4.3.0",
          "System.ValueTuple": "4.5.0",
          "UiPath.CefSharpBundle": "1.0.0",
          "UiPath.Vision": "1.3.0"
        },
        "compile": {
          "lib/net452/_._": {}
        },
        "runtime": {
          "lib/net452/FCEngine.VisualComponents.dll": {},
          "lib/net452/Interop.FCEngine.dll": {},
          "lib/net452/UiPath.IntelligentOCR.Activities.Design.dll": {},
          "lib/net452/UiPath.IntelligentOCR.Activities.dll": {},
          "lib/net452/UiPath.IntelligentOCR.dll": {},
          "lib/net452/UiPath.SmartData.Data.dll": {},
          "lib/net452/UiPath.SmartData.DataContracts.dll": {},
          "lib/net452/UiPath.SmartData.Digitization.dll": {},
          "lib/net452/UiPath.SmartData.DocumentClassification.dll": {},
          "lib/net452/UiPath.SmartData.FixedForms.dll": {},
          "lib/net452/UiPath.SmartData.ImageProcessing.dll": {},
          "lib/net452/UiPath.SmartData.Language.dll": {},
          "lib/net452/UiPath.SmartData.OCR.dll": {},
          "lib/net452/UiPath.SmartData.OutOfProcessUi.Common.dll": {},
          "lib/net452/UiPath.SmartData.OutOfProcessUi.Host.WCF.exe": {},
          "lib/net452/UiPath.SmartData.PDF.dll": {},
          "lib/net452/UiPath.SmartData.TableProcessing.dll": {},
          "lib/net452/UiPath.SmartData.Utils.dll": {},
          "lib/net452/UiPath.SmartData.ValidationStation.Host.Local.dll": {},
          "lib/net452/UiPath.SmartData.ValidationStation.Infrastructure.dll": {},
          "lib/net452/UiPath.SmartData.ValidationStation.Localization.dll": {},
          "lib/net452/UiPath.SmartData.ValidationStation.PDF.Optimization.dll": {},
          "lib/net452/UiPath.SmartData.ValidationStation.Storage.dll": {},
          "lib/net452/UiPath.SmartData.ValidationStation.ValueParsing.dll": {},
          "lib/net452/UiPath.SmartData.ValidationStation.dll": {}
        },
        "resource": {
          "lib/net452/fr/UiPath.IntelligentOCR.Activities.Design.resources.dll": {
            "locale": "fr"
          },
          "lib/net452/fr/UiPath.IntelligentOCR.Activities.resources.dll": {
            "locale": "fr"
          },
          "lib/net452/fr/UiPath.IntelligentOCR.resources.dll": {
            "locale": "fr"
          },
          "lib/net452/fr/UiPath.SmartData.ValidationStation.Host.Local.resources.dll": {
            "locale": "fr"
          },
          "lib/net452/fr/UiPath.SmartData.ValidationStation.Localization.resources.dll": {
            "locale": "fr"
          },
          "lib/net452/ja/UiPath.IntelligentOCR.Activities.Design.resources.dll": {
            "locale": "ja"
          },
          "lib/net452/ja/UiPath.IntelligentOCR.Activities.resources.dll": {
            "locale": "ja"
          },
          "lib/net452/ja/UiPath.IntelligentOCR.resources.dll": {
            "locale": "ja"
          },
          "lib/net452/ja/UiPath.SmartData.ValidationStation.Host.Local.resources.dll": {
            "locale": "ja"
          },
          "lib/net452/ja/UiPath.SmartData.ValidationStation.Localization.resources.dll": {
            "locale": "ja"
          },
          "lib/net452/ru/UiPath.IntelligentOCR.Activities.Design.resources.dll": {
            "locale": "ru"
          },
          "lib/net452/ru/UiPath.IntelligentOCR.Activities.resources.dll": {
            "locale": "ru"
          },
          "lib/net452/ru/UiPath.IntelligentOCR.resources.dll": {
            "locale": "ru"
          },
          "lib/net452/ru/UiPath.SmartData.ValidationStation.Host.Local.resources.dll": {
            "locale": "ru"
          },
          "lib/net452/ru/UiPath.SmartData.ValidationStation.Localization.resources.dll": {
            "locale": "ru"
          }
        }
      },
      "UiPath.Mail.Activities/1.1.6562.21018": {
        "type": "package",
        "dependencies": {
          "BouncyCastle": "1.8.1",
          "Microsoft.Exchange.WebServices": "2.2.0"
        },
        "compile": {
          "lib/net40/_._": {}
        },
        "runtime": {
          "lib/net40/MailKit.dll": {},
          "lib/net40/MimeKit.dll": {},
          "lib/net40/UiPath.Mail.Activities.Design.dll": {},
          "lib/net40/UiPath.Mail.Activities.dll": {},
          "lib/net40/UiPath.Mail.dll": {}
        }
      },
      "UiPath.PDF.Activities/1.3.1": {
        "type": "package",
        "compile": {
          "lib/net452/_._": {}
        },
        "runtime": {
          "lib/net452/UiPath.PDF.Activities.Design.dll": {},
          "lib/net452/UiPath.PDF.Activities.dll": {},
          "lib/net452/UiPath.PDF.dll": {}
        },
        "resource": {
          "lib/net452/fr/UiPath.PDF.Activities.Design.resources.dll": {
            "locale": "fr"
          },
          "lib/net452/fr/UiPath.PDF.Activities.resources.dll": {
            "locale": "fr"
          },
          "lib/net452/fr/UiPath.PDF.resources.dll": {
            "locale": "fr"
          },
          "lib/net452/ja/UiPath.PDF.Activities.Design.resources.dll": {
            "locale": "ja"
          },
          "lib/net452/ja/UiPath.PDF.Activities.resources.dll": {
            "locale": "ja"
          },
          "lib/net452/ja/UiPath.PDF.resources.dll": {
            "locale": "ja"
          },
          "lib/net452/ru/UiPath.PDF.Activities.Design.resources.dll": {
            "locale": "ru"
          },
          "lib/net452/ru/UiPath.PDF.Activities.resources.dll": {
            "locale": "ru"
          },
          "lib/net452/ru/UiPath.PDF.resources.dll": {
            "locale": "ru"
          }
        }
      },
      "UiPath.Python.Activities/1.1.6863.33404": {
        "type": "package",
        "compile": {
          "lib/net452/_._": {}
        },
        "runtime": {
          "lib/net452/UiPath.Python.Activities.Design.dll": {},
          "lib/net452/UiPath.Python.Activities.dll": {},
          "lib/net452/UiPath.Python.Host.exe": {},
          "lib/net452/UiPath.Python.Host32.exe": {},
          "lib/net452/UiPath.Python.dll": {}
        },
        "resource": {
          "lib/net452/de/UiPath.Python.Activities.Design.resources.dll": {
            "locale": "de"
          },
          "lib/net452/de/UiPath.Python.Activities.resources.dll": {
            "locale": "de"
          },
          "lib/net452/de/UiPath.Python.resources.dll": {
            "locale": "de"
          },
          "lib/net452/fr/UiPath.Python.Activities.Design.resources.dll": {
            "locale": "fr"
          },
          "lib/net452/fr/UiPath.Python.Activities.resources.dll": {
            "locale": "fr"
          },
          "lib/net452/fr/UiPath.Python.resources.dll": {
            "locale": "fr"
          },
          "lib/net452/ja/UiPath.Python.Activities.Design.resources.dll": {
            "locale": "ja"
          },
          "lib/net452/ja/UiPath.Python.Activities.resources.dll": {
            "locale": "ja"
          },
          "lib/net452/ja/UiPath.Python.resources.dll": {
            "locale": "ja"
          }
        }
      },
      "UiPath.System.Activities/18.4.2": {
        "type": "package",
        "dependencies": {
          "CsvHelper": "2.13.5",
          "Microsoft.Rest.ClientRuntime": "2.3.10",
          "Newtonsoft.Json": "10.0.3"
        },
        "compile": {
          "lib/net461/_._": {}
        },
        "runtime": {
          "lib/net461/ActiproSoftware.Docking.Wpf.dll": {},
          "lib/net461/ActiproSoftware.Ribbon.Wpf.dll": {},
          "lib/net461/ActiproSoftware.Shared.Wpf.dll": {},
          "lib/net461/ActiproSoftware.SyntaxEditor.Addons.DotNet.Wpf.dll": {},
          "lib/net461/ActiproSoftware.SyntaxEditor.Wpf.dll": {},
          "lib/net461/ActiproSoftware.Text.Addons.DotNet.Wpf.dll": {},
          "lib/net461/ActiproSoftware.Text.LLParser.Wpf.dll": {},
          "lib/net461/ActiproSoftware.Text.Wpf.dll": {},
          "lib/net461/ActiproSoftware.Wizard.Wpf.dll": {},
          "lib/net461/UiPath.OrchestratorClient.dll": {},
          "lib/net461/UiPath.System.Activities.Design.dll": {},
          "lib/net461/UiPath.System.Activities.dll": {}
        },
        "resource": {
          "lib/net461/fr/UiPath.System.Activities.Design.resources.dll": {
            "locale": "fr"
          },
          "lib/net461/fr/UiPath.System.Activities.resources.dll": {
            "locale": "fr"
          },
          "lib/net461/ja/UiPath.System.Activities.Design.resources.dll": {
            "locale": "ja"
          },
          "lib/net461/ja/UiPath.System.Activities.resources.dll": {
            "locale": "ja"
          },
          "lib/net461/ru/UiPath.System.Activities.Design.resources.dll": {
            "locale": "ru"
          },
          "lib/net461/ru/UiPath.System.Activities.resources.dll": {
            "locale": "ru"
          }
        }
      },
      "UiPath.UIAutomation.Activities/18.4.3": {
        "type": "package",
        "dependencies": {
          "AvalonEdit": "5.0.3",
          "Caliburn.Micro": "3.0.1",
          "Extended.Wpf.Toolkit": "2.8.0",
          "Humanizer.Core": "2.4.2",
          "UiPath": "10.0.6929.25268",
          "UiPath.Vision": "1.2.0"
        },
        "compile": {
          "lib/net461/_._": {}
        },
        "runtime": {
          "lib/net461/ActiproSoftware.Docking.Wpf.dll": {},
          "lib/net461/ActiproSoftware.Editors.Wpf.dll": {},
          "lib/net461/ActiproSoftware.Ribbon.Wpf.dll": {},
          "lib/net461/ActiproSoftware.Shared.Wpf.dll": {},
          "lib/net461/ActiproSoftware.SyntaxEditor.Addons.DotNet.Wpf.dll": {},
          "lib/net461/ActiproSoftware.SyntaxEditor.Wpf.dll": {},
          "lib/net461/ActiproSoftware.Text.Addons.DotNet.Wpf.dll": {},
          "lib/net461/ActiproSoftware.Text.LLParser.Wpf.dll": {},
          "lib/net461/ActiproSoftware.Text.Wpf.dll": {},
          "lib/net461/ActiproSoftware.Wizard.Wpf.dll": {},
          "lib/net461/UiPath.UIAutomation.Activities.Design.dll": {},
          "lib/net461/UiPath.UiAutomation.Activities.dll": {},
          "lib/net461/UiPath.Wizards.dll": {}
        },
        "resource": {
          "lib/net461/fr/UiPath.UIAutomation.Activities.Design.resources.dll": {
            "locale": "fr"
          },
          "lib/net461/fr/UiPath.UiAutomation.Activities.resources.dll": {
            "locale": "fr"
          },
          "lib/net461/fr/UiPath.Wizards.resources.dll": {
            "locale": "fr"
          },
          "lib/net461/ja/UiPath.UIAutomation.Activities.Design.resources.dll": {
            "locale": "ja"
          },
          "lib/net461/ja/UiPath.UiAutomation.Activities.resources.dll": {
            "locale": "ja"
          },
          "lib/net461/ja/UiPath.Wizards.resources.dll": {
            "locale": "ja"
          },
          "lib/net461/ru/UiPath.UIAutomation.Activities.Design.resources.dll": {
            "locale": "ru"
          },
          "lib/net461/ru/UiPath.UiAutomation.Activities.resources.dll": {
            "locale": "ru"
          },
          "lib/net461/ru/UiPath.Wizards.resources.dll": {
            "locale": "ru"
          }
        }
      },
      "UiPath.Vision/1.3.0": {
        "type": "package",
        "compile": {
          "lib/net452/_._": {}
        },
        "runtime": {
          "lib/net452/UiPath.Vision.Core.dll": {},
          "lib/net452/UiPath.Vision.dll": {}
        }
      },
      "UiPath.WebAPI.Activities/1.4.0": {
        "type": "package",
        "dependencies": {
          "AvalonEdit": "5.0.3",
          "Newtonsoft.Json": "11.0.2",
          "RestSharp": "106.3.1"
        },
        "compile": {
          "lib/net452/_._": {}
        },
        "runtime": {
          "lib/net452/UiPath.Web.Activities.Design.dll": {},
          "lib/net452/UiPath.Web.Activities.dll": {},
          "lib/net452/UiPath.Web.dll": {}
        },
        "resource": {
          "lib/net452/fr/UiPath.Web.Activities.Design.resources.dll": {
            "locale": "fr"
          },
          "lib/net452/fr/UiPath.Web.Activities.resources.dll": {
            "locale": "fr"
          },
          "lib/net452/fr/UiPath.Web.resources.dll": {
            "locale": "fr"
          },
          "lib/net452/ja/UiPath.Web.Activities.Design.resources.dll": {
            "locale": "ja"
          },
          "lib/net452/ja/UiPath.Web.Activities.resources.dll": {
            "locale": "ja"
          },
          "lib/net452/ja/UiPath.Web.resources.dll": {
            "locale": "ja"
          },
          "lib/net452/ru/UiPath.Web.Activities.Design.resources.dll": {
            "locale": "ru"
          },
          "lib/net452/ru/UiPath.Web.Activities.resources.dll": {
            "locale": "ru"
          },
          "lib/net452/ru/UiPath.Web.resources.dll": {
            "locale": "ru"
          }
        }
      },
      "UiPath.Word.Activities/1.3.0": {
        "type": "package",
        "dependencies": {
          "DocX": "1.0.0.18"
        },
        "compile": {
          "lib/net452/_._": {}
        },
        "runtime": {
          "lib/net452/UiPath.Word.Activities.Design.dll": {},
          "lib/net452/UiPath.Word.Activities.dll": {},
          "lib/net452/UiPath.Word.dll": {}
        },
        "resource": {
          "lib/net452/fr/UiPath.Word.Activities.Design.resources.dll": {
            "locale": "fr"
          },
          "lib/net452/fr/UiPath.Word.Activities.resources.dll": {
            "locale": "fr"
          },
          "lib/net452/fr/UiPath.Word.resources.dll": {
            "locale": "fr"
          },
          "lib/net452/ja/UiPath.Word.Activities.Design.resources.dll": {
            "locale": "ja"
          },
          "lib/net452/ja/UiPath.Word.Activities.resources.dll": {
            "locale": "ja"
          },
          "lib/net452/ja/UiPath.Word.resources.dll": {
            "locale": "ja"
          },
          "lib/net452/ru/UiPath.Word.Activities.Design.resources.dll": {
            "locale": "ru"
          },
          "lib/net452/ru/UiPath.Word.Activities.resources.dll": {
            "locale": "ru"
          },
          "lib/net452/ru/UiPath.Word.resources.dll": {
            "locale": "ru"
          }
        }
      }
    }
  },
  "libraries": {
    "AForge/2.2.5": {
      "sha512": "clkumhM9DggqIzEXAHgVLeWO4arG5YfoPr7J4jfjJx35AoeEIJSSm49J25bwp/9mXQYLwi7y1Wunc8qgYJsGxg==",
      "type": "package",
      "path": "aforge/2.2.5",
      "files": [
        "aforge.2.2.5.nupkg.sha512",
        "aforge.nuspec",
        "lib/AForge.dll",
        "lib/AForge.xml"
      ]
    },
    "AForge.Genetic/2.2.5": {
      "sha512": "vvTs2HsLmRQ7jdcyOa7ePpYdGsn8jLHBmA7d1zemDMwHyxDK3bBco9TooH/nwkpmzag2puZQB71hj5V9DtVf9w==",
      "type": "package",
      "path": "aforge.genetic/2.2.5",
      "files": [
        "aforge.genetic.2.2.5.nupkg.sha512",
        "aforge.genetic.nuspec",
        "lib/AForge.Genetic.dll",
        "lib/AForge.Genetic.xml"
      ]
    },
    "AForge.Imaging/2.2.5": {
      "sha512": "n8l7Zdsm89EFW9Uz4uCO3D428Gu4Q56YxixSMJPruen1c30R8R9Mm8AreTdoOi2XjN5id04JwFFlXYTk8pIIfw==",
      "type": "package",
      "path": "aforge.imaging/2.2.5",
      "files": [
        "aforge.imaging.2.2.5.nupkg.sha512",
        "aforge.imaging.nuspec",
        "lib/AForge.Imaging.dll",
        "lib/AForge.Imaging.xml"
      ]
    },
    "AForge.Math/2.2.5": {
      "sha512": "pmT1WobVv13vMxwXhCu8sRunxjiUHyURWS0+dsW/aBPi06xiyYIdCLHI6jph9Axb4QoLIlb85eBI6zd2EAbGIg==",
      "type": "package",
      "path": "aforge.math/2.2.5",
      "files": [
        "aforge.math.2.2.5.nupkg.sha512",
        "aforge.math.nuspec",
        "lib/AForge.Math.dll",
        "lib/AForge.Math.xml"
      ]
    },
    "AForge.Neuro/2.2.5": {
      "sha512": "eoVtFneS0JrK9PlaqwwAAcA7j92ke+3DCoXAHTHA+KatRki51d5inwyzah/jCF5Pz6b3r0vglkh4IGZ/La2yWg==",
      "type": "package",
      "path": "aforge.neuro/2.2.5",
      "files": [
        "aforge.neuro.2.2.5.nupkg.sha512",
        "aforge.neuro.nuspec",
        "lib/AForge.Neuro.dll",
        "lib/AForge.Neuro.xml"
      ]
    },
    "AvalonEdit/5.0.3": {
      "sha512": "O7qf3H3SP2VrQujwmzvb3hJ+lw4rNWcZkpMH8T0qb/cA1UccoJIZ9qL/+DM7bws9l8Hxnyk7GUYVFrCSZeH+uA==",
      "type": "package",
      "path": "avalonedit/5.0.3",
      "files": [
        ".signature.p7s",
        "avalonedit.5.0.3.nupkg.sha512",
        "avalonedit.nuspec",
        "lib/Net35/ICSharpCode.AvalonEdit.dll",
        "lib/Net35/ICSharpCode.AvalonEdit.xml",
        "lib/Net40/ICSharpCode.AvalonEdit.dll",
        "lib/Net40/ICSharpCode.AvalonEdit.xml"
      ]
    },
    "BitMiracle.Docotic.Pdf/5.2.8369": {
      "sha512": "vN6Z/YdfJ05XgKHorCc6S715Fv/8SAgp6nR9w3HjxyS4KAr/f1zGNjZwuOznxg46qnBiBsCHXMsLkgEmiNEUqg==",
      "type": "package",
      "path": "bitmiracle.docotic.pdf/5.2.8369",
      "files": [
        "bitmiracle.docotic.pdf.5.2.8369.nupkg.sha512",
        "bitmiracle.docotic.pdf.nuspec",
        "lib/net20/BitMiracle.Docotic.Pdf.dll",
        "lib/net20/BitMiracle.Docotic.Pdf.xml",
        "lib/net40/BitMiracle.Docotic.Pdf.dll",
        "lib/net40/BitMiracle.Docotic.Pdf.xml",
        "lib/netstandard1.3/BitMiracle.Docotic.Pdf.dll",
        "lib/netstandard1.3/BitMiracle.Docotic.Pdf.xml",
        "readme.txt"
      ]
    },
    "BouncyCastle/1.8.1": {
      "sha512": "nH+P67LavO5EcxjKdBxFfRdfdFhivS3Xp3+0br1KcpCI8DM6ksCWy6YYZjk7XFV+VsHGtkUovwIZ/vmCp42geA==",
      "type": "package",
      "path": "bouncycastle/1.8.1",
      "files": [
        "Readme.txt",
        "bouncycastle.1.8.1.nupkg.sha512",
        "bouncycastle.nuspec",
        "lib/BouncyCastle.Crypto.dll"
      ]
    },
    "Caliburn.Micro/3.0.1": {
      "sha512": "34GUogBL8tS1rWCSugKwaOdmZZz162JC0K3HCSPuSlkCZwA1zDTspUp7owXigOjliCSiBzP1ltBFMWpLxs9BtQ==",
      "type": "package",
      "path": "caliburn.micro/3.0.1",
      "files": [
        ".signature.p7s",
        "caliburn.micro.3.0.1.nupkg.sha512",
        "caliburn.micro.nuspec",
        "lib/MonoAndroid10/Caliburn.Micro.Platform.Core.dll",
        "lib/MonoAndroid10/Caliburn.Micro.Platform.Core.xml",
        "lib/MonoAndroid10/Caliburn.Micro.Platform.dll",
        "lib/MonoAndroid10/Caliburn.Micro.Platform.xml",
        "lib/MonoTouch10/Caliburn.Micro.Platform.Core.dll",
        "lib/MonoTouch10/Caliburn.Micro.Platform.Core.dll.mdb",
        "lib/MonoTouch10/Caliburn.Micro.Platform.Core.xml",
        "lib/MonoTouch10/Caliburn.Micro.Platform.dll",
        "lib/MonoTouch10/Caliburn.Micro.Platform.xml",
        "lib/MonoTouch10/Caliburn.Micro.dll.mdb",
        "lib/Xamarin.iOS10/Caliburn.Micro.Platform.Core.dll",
        "lib/Xamarin.iOS10/Caliburn.Micro.Platform.Core.dll.mdb",
        "lib/Xamarin.iOS10/Caliburn.Micro.Platform.Core.xml",
        "lib/Xamarin.iOS10/Caliburn.Micro.Platform.dll",
        "lib/Xamarin.iOS10/Caliburn.Micro.Platform.xml",
        "lib/Xamarin.iOS10/Caliburn.Micro.dll.mdb",
        "lib/net40/Caliburn.Micro.Platform.dll",
        "lib/net40/Caliburn.Micro.Platform.xml",
        "lib/net40/System.Windows.Interactivity.dll",
        "lib/net40/System.Windows.Interactivity.xml",
        "lib/net45/Caliburn.Micro.Platform.Core.dll",
        "lib/net45/Caliburn.Micro.Platform.Core.xml",
        "lib/net45/Caliburn.Micro.Platform.dll",
        "lib/net45/Caliburn.Micro.Platform.xml",
        "lib/net45/System.Windows.Interactivity.dll",
        "lib/sl5/Caliburn.Micro.Platform.dll",
        "lib/sl5/Caliburn.Micro.Platform.xml",
        "lib/sl5/System.Windows.Interactivity.dll",
        "lib/uap10.0/Caliburn.Micro.Platform.Core.dll",
        "lib/uap10.0/Caliburn.Micro.Platform.Core.xml",
        "lib/uap10.0/Caliburn.Micro.Platform.UWP.XML",
        "lib/uap10.0/Caliburn.Micro.Platform.UWP.dll",
        "lib/uap10.0/Caliburn.Micro.Platform.UWP.pri",
        "lib/uap10.0/Caliburn.Micro.Platform.UWP/Properties/Caliburn.Micro.Platform.UWP.rd.xml",
        "lib/win81/Caliburn.Micro.Platform.Core.dll",
        "lib/win81/Caliburn.Micro.Platform.Core.xml",
        "lib/win81/Caliburn.Micro.Platform.XML",
        "lib/win81/Caliburn.Micro.Platform.dll",
        "lib/win81/Caliburn.Micro.Platform.pri",
        "lib/win81/Microsoft.Xaml.Interactions.dll",
        "lib/win81/Microsoft.Xaml.Interactivity.dll",
        "lib/wp8/Caliburn.Micro.Platform.Core.dll",
        "lib/wp8/Caliburn.Micro.Platform.Core.xml",
        "lib/wp8/Caliburn.Micro.Platform.dll",
        "lib/wp8/Caliburn.Micro.Platform.xml",
        "lib/wp8/System.Windows.Interactivity.dll",
        "lib/wpa81/Caliburn.Micro.Platform.Core.dll",
        "lib/wpa81/Caliburn.Micro.Platform.Core.xml",
        "lib/wpa81/Caliburn.Micro.Platform.dll",
        "lib/wpa81/Caliburn.Micro.Platform.pri",
        "lib/wpa81/Caliburn.Micro.Platform.xml",
        "lib/wpa81/Microsoft.Xaml.Interactions.dll",
        "lib/wpa81/Microsoft.Xaml.Interactivity.dll"
      ]
    },
    "Caliburn.Micro.Core/3.0.1": {
      "sha512": "rYCObUe1g/ks4kTEPMFc4yFShYWkL6P5sfUsJOPGSKPXCsnKXL0XaclU3XGWAHBeNTPBgJO9pJBfMBcaq3iyRg==",
      "type": "package",
      "path": "caliburn.micro.core/3.0.1",
      "files": [
        ".signature.p7s",
        "caliburn.micro.core.3.0.1.nupkg.sha512",
        "caliburn.micro.core.nuspec",
        "lib/net40/Caliburn.Micro.XML",
        "lib/net40/Caliburn.Micro.dll",
        "lib/net45/Caliburn.Micro.dll",
        "lib/net45/Caliburn.Micro.xml",
        "lib/portable-net45+win8+wp8+wpa81+MonoAndroid10+Xamarin.iOS10+MonoTouch10+uap10.0/Caliburn.Micro.XML",
        "lib/portable-net45+win8+wp8+wpa81+MonoAndroid10+Xamarin.iOS10+MonoTouch10+uap10.0/Caliburn.Micro.dll",
        "lib/portable-net45+win8+wp8+wpa81+MonoAndroid10+Xamarin.iOS10+MonoTouch10+uap10.0/Caliburn.Micro.dll.mdb",
        "lib/sl5/Caliburn.Micro.XML",
        "lib/sl5/Caliburn.Micro.dll"
      ]
    },
    "ClosedXML/0.87.1": {
      "sha512": "2LC0T8bu2G2kt34C4Ig87uZfrRO4MwMVI54e2To7m3DvwAs2Z2Ir86WQuUoW8Txo1uNGSfmu3DpfpQhSX0bIww==",
      "type": "package",
      "path": "closedxml/0.87.1",
      "files": [
        "closedxml.0.87.1.nupkg.sha512",
        "closedxml.nuspec",
        "lib/net35/ClosedXML.dll",
        "lib/net35/ClosedXML.pdb",
        "lib/net35/ClosedXML.xml",
        "lib/net40/ClosedXML.dll",
        "lib/net40/ClosedXML.pdb",
        "lib/net40/ClosedXML.xml"
      ]
    },
    "CredentialManagement/1.0.2": {
      "sha512": "VkP04/jFXaxT3TkcRhzETYtOrznQxRmQ2J1XJdbXz47Bir7hIzPR7mFZk4GJQ4An4gozW+vonpf+iqTHomAkQw==",
      "type": "package",
      "path": "credentialmanagement/1.0.2",
      "files": [
        "credentialmanagement.1.0.2.nupkg.sha512",
        "credentialmanagement.nuspec",
        "lib/net35/CredentialManagement.dll"
      ]
    },
    "CsvHelper/2.13.5": {
      "sha512": "fC8DPi/YTcZ8uXFiAeuT9EpsR2TE5cSJ2jg/4tht/Oen6az/djebpYoCQEtI33RfNrSZ533SedOknlWtUTX3fw==",
      "type": "package",
      "path": "csvhelper/2.13.5",
      "files": [
        "csvhelper.2.13.5.nupkg.sha512",
        "csvhelper.nuspec",
        "lib/net20/CsvHelper.dll",
        "lib/net20/CsvHelper.pdb",
        "lib/net20/CsvHelper.xml",
        "lib/net35-client/CsvHelper.dll",
        "lib/net35-client/CsvHelper.pdb",
        "lib/net35-client/CsvHelper.xml",
        "lib/net40-client/CsvHelper.dll",
        "lib/net40-client/CsvHelper.pdb",
        "lib/net40-client/CsvHelper.xml",
        "lib/portable-net40+sl5+win8+wpa+wp8/CsvHelper.dll",
        "lib/portable-net40+sl5+win8+wpa+wp8/CsvHelper.pdb",
        "lib/portable-net40+sl5+win8+wpa+wp8/CsvHelper.xml"
      ]
    },
    "DocumentFormat.OpenXml/2.5.0": {
      "sha512": "H5jnox0hcLwzAjrpNqDPIItjh7dplF1kk1z8LatpI2h75wBgps1MepEttJFKs7xedQReCMHA0tGpNI0H2B+Mrg==",
      "type": "package",
      "path": "documentformat.openxml/2.5.0",
      "files": [
        "documentformat.openxml.2.5.0.nupkg.sha512",
        "documentformat.openxml.nuspec",
        "lib/DocumentFormat.OpenXml.dll"
      ]
    },
    "DocX/1.0.0.18": {
      "sha512": "8E2yyGRmhitJ73wlO/dvMKcOktVY7fgGiFO3h/u3FvvcQBnUX+tDYtFekr82eF9g2sAQfEqc1nZAvjeinqHv4g==",
      "type": "package",
      "path": "docx/1.0.0.18",
      "files": [
        "docx.1.0.0.18.nupkg.sha512",
        "docx.nuspec",
        "lib/net40/DocX.dll"
      ]
    },
    "Extended.Wpf.Toolkit/2.8.0": {
      "sha512": "YzLQ/sB91g0gRftvlPGOqYJe6TwiPTQoYhO+4ZSsnxaMEQZ5KZIQySTtsTWZ0HJC5+xrgk1Z/if7kjY4cSRPdw==",
      "type": "package",
      "path": "extended.wpf.toolkit/2.8.0",
      "files": [
        ".signature.p7s",
        "extended.wpf.toolkit.2.8.0.nupkg.sha512",
        "extended.wpf.toolkit.nuspec",
        "lib/net35/WPFToolkit.dll",
        "lib/net35/Xceed.Wpf.Toolkit.dll",
        "lib/net40/Xceed.Wpf.AvalonDock.Themes.Aero.dll",
        "lib/net40/Xceed.Wpf.AvalonDock.Themes.Metro.dll",
        "lib/net40/Xceed.Wpf.AvalonDock.Themes.VS2010.dll",
        "lib/net40/Xceed.Wpf.AvalonDock.dll",
        "lib/net40/Xceed.Wpf.DataGrid.dll",
        "lib/net40/Xceed.Wpf.Toolkit.dll",
        "lib/net40/de/Xceed.Wpf.AvalonDock.resources.dll",
        "lib/net40/es/Xceed.Wpf.AvalonDock.resources.dll",
        "lib/net40/fr/Xceed.Wpf.AvalonDock.resources.dll",
        "lib/net40/hu/Xceed.Wpf.AvalonDock.resources.dll",
        "lib/net40/it/Xceed.Wpf.AvalonDock.resources.dll",
        "lib/net40/pt-BR/Xceed.Wpf.AvalonDock.resources.dll",
        "lib/net40/ro/Xceed.Wpf.AvalonDock.resources.dll",
        "lib/net40/ru/Xceed.Wpf.AvalonDock.resources.dll",
        "lib/net40/sv/Xceed.Wpf.AvalonDock.resources.dll",
        "lib/net40/zh-Hans/Xceed.Wpf.AvalonDock.resources.dll",
        "tools/install.ps1"
      ]
    },
    "FSharp.Core/4.0.0.1": {
      "sha512": "lNtlbbJ5hP8LEd7nKtTUiGEpLmHLWiU39x+0jq4rmRWG7Mgj6vYm+gmTOhtwpiPFX8j8zUsfLyA8AC7dZY75LQ==",
      "type": "package",
      "path": "fsharp.core/4.0.0.1",
      "files": [
        "fsharp.core.4.0.0.1.nupkg.sha512",
        "fsharp.core.nuspec",
        "lib/net20/FSharp.Core.dll",
        "lib/net20/FSharp.Core.optdata",
        "lib/net20/FSharp.Core.sigdata",
        "lib/net20/FSharp.Core.xml",
        "lib/net40/FSharp.Core.dll",
        "lib/net40/FSharp.Core.optdata",
        "lib/net40/FSharp.Core.sigdata",
        "lib/net40/FSharp.Core.xml",
        "lib/portable-net45+monoandroid10+monotouch10+xamarinios10/FSharp.Core.dll",
        "lib/portable-net45+monoandroid10+monotouch10+xamarinios10/FSharp.Core.optdata",
        "lib/portable-net45+monoandroid10+monotouch10+xamarinios10/FSharp.Core.sigdata",
        "lib/portable-net45+monoandroid10+monotouch10+xamarinios10/FSharp.Core.xml",
        "lib/portable-net45+netcore45+wp8/FSharp.Core.dll",
        "lib/portable-net45+netcore45+wp8/FSharp.Core.optdata",
        "lib/portable-net45+netcore45+wp8/FSharp.Core.sigdata",
        "lib/portable-net45+netcore45+wp8/FSharp.Core.xml",
        "lib/portable-net45+netcore45+wpa81+wp8/FSharp.Core.dll",
        "lib/portable-net45+netcore45+wpa81+wp8/FSharp.Core.optdata",
        "lib/portable-net45+netcore45+wpa81+wp8/FSharp.Core.sigdata",
        "lib/portable-net45+netcore45+wpa81+wp8/FSharp.Core.xml",
        "lib/portable-net45+netcore45/FSharp.Core.dll",
        "lib/portable-net45+netcore45/FSharp.Core.optdata",
        "lib/portable-net45+netcore45/FSharp.Core.sigdata",
        "lib/portable-net45+netcore45/FSharp.Core.xml",
        "lib/portable-net45+sl5+netcore45/FSharp.Core.dll",
        "lib/portable-net45+sl5+netcore45/FSharp.Core.optdata",
        "lib/portable-net45+sl5+netcore45/FSharp.Core.sigdata",
        "lib/portable-net45+sl5+netcore45/FSharp.Core.xml"
      ]
    },
    "Humanizer.Core/2.4.2": {
      "sha512": "A8amPZrfrFU+6BO+t/NLejofWah39XsRuovQqaHdYYtXANM+dexMrc+AbLmuH3qNV4hJv6FArBsBBtZcaODLZg==",
      "type": "package",
      "path": "humanizer.core/2.4.2",
      "files": [
        ".signature.p7s",
        "humanizer.core.2.4.2.nupkg.sha512",
        "humanizer.core.nuspec",
        "lib/netstandard1.0/Humanizer.dll",
        "lib/netstandard1.0/Humanizer.xml",
        "lib/netstandard2.0/Humanizer.dll",
        "lib/netstandard2.0/Humanizer.xml"
      ]
    },
    "IvanAkcheurov.NTextCat.Lib/0.2.1.1": {
      "sha512": "LOvUaSc4V4D/j3lxSEBjnWyfFS4le7Ez/2jzbsNSSeTl9WmZxVhFFgDYLWjA6qb9fJ1tUsy1bmeaRjU3GVumaw==",
      "type": "package",
      "path": "ivanakcheurov.ntextcat.lib/0.2.1.1",
      "files": [
        "Core14.profile.xml",
        "ivanakcheurov.ntextcat.lib.0.2.1.1.nupkg.sha512",
        "ivanakcheurov.ntextcat.lib.nuspec",
        "lib/net40/IvanAkcheurov.Commons.XML",
        "lib/net40/IvanAkcheurov.Commons.dll",
        "lib/net40/IvanAkcheurov.NClassify.XML",
        "lib/net40/IvanAkcheurov.NClassify.dll",
        "lib/net40/IvanAkcheurov.NTextCat.Lib.XML",
        "lib/net40/IvanAkcheurov.NTextCat.Lib.dll"
      ]
    },
    "MathNet.Numerics/4.5.1": {
      "sha512": "GOjrYhkAbzrObW8SG5X42ET0nbAAsJmJ3edBLk58dbHbiXeA0hZReqVYfRZTsqB/yYZhK8lgDliZjGKnk/gGhg==",
      "type": "package",
      "path": "mathnet.numerics/4.5.1",
      "files": [
        ".signature.p7s",
        "lib/net40/MathNet.Numerics.dll",
        "lib/net40/MathNet.Numerics.xml",
        "lib/net461/MathNet.Numerics.dll",
        "lib/net461/MathNet.Numerics.xml",
        "lib/netstandard1.3/MathNet.Numerics.dll",
        "lib/netstandard1.3/MathNet.Numerics.xml",
        "lib/netstandard2.0/MathNet.Numerics.dll",
        "lib/netstandard2.0/MathNet.Numerics.xml",
        "mathnet.numerics.4.5.1.nupkg.sha512",
        "mathnet.numerics.nuspec"
      ]
    },
    "Metrics.NET/0.5.5": {
      "sha512": "XCUMCCYSSvunHpmgnKjyYxMvj61fAPpATArabFvyLytrfw63pc5SDXHcyP5VqZhiymD/gCJxfsgdqRIfqn7btQ==",
      "type": "package",
      "path": "metrics.net/0.5.5",
      "files": [
        "lib/net45/Metrics.XML",
        "lib/net45/Metrics.dll",
        "lib/net45/Metrics.pdb",
        "metrics.net.0.5.5.nupkg.sha512",
        "metrics.net.nuspec"
      ]
    },
    "Microsoft.Activities/1.0.1": {
      "sha512": "jkwJR/MMdyLol9wkIXkbpcCu8AUAJte7UZM6IcoeOnrX8cNgHppt6IawNfkhGqQs6ulTklBuZ2DjLj1/154iUA==",
      "type": "package",
      "path": "microsoft.activities/1.0.1",
      "files": [
        "lib/net45/Microsoft.Activities.Design.Services.dll",
        "lib/net45/Microsoft.Activities.Design.dll",
        "lib/net45/Microsoft.Activities.Design.xml",
        "lib/net45/Microsoft.Activities.dll",
        "lib/net45/Microsoft.Activities.xml",
        "lib/net45/Microsoft.Workflow.Client.dll",
        "lib/net45/Microsoft.Workflow.Client.xml",
        "lib/net45/Microsoft.Workflow.Common.dll",
        "lib/net45/Microsoft.Workflow.Tracing.dll",
        "microsoft.activities.1.0.1.nupkg.sha512",
        "microsoft.activities.nuspec"
      ]
    },
    "Microsoft.Exchange.WebServices/2.2.0": {
      "sha512": "NlkaTD0uWtg9VbiWq0VDWMBPzHFknH3tmstrxt0acrT09LBGqATTjRpsGOODz6tUdX7/dehBinxsf75U5Uw/+A==",
      "type": "package",
      "path": "microsoft.exchange.webservices/2.2.0",
      "files": [
        "doc/License Terms.rtf",
        "doc/README.htm",
        "doc/Redist.txt",
        "lib/40/Microsoft.Exchange.WebServices.Auth.dll",
        "lib/40/Microsoft.Exchange.WebServices.Auth.pdb",
        "lib/40/Microsoft.Exchange.WebServices.Auth.xml",
        "lib/40/Microsoft.Exchange.WebServices.dll",
        "lib/40/Microsoft.Exchange.WebServices.pdb",
        "lib/40/Microsoft.Exchange.WebServices.xml",
        "microsoft.exchange.webservices.2.2.0.nupkg.sha512",
        "microsoft.exchange.webservices.nuspec"
      ]
    },
    "Microsoft.Rest.ClientRuntime/2.3.10": {
      "sha512": "a30J6t7LRkYx974tLaRnJc/dYZ1M7uhc5vdgULxdhL7HJNJydG7e+jyAVD15gK+vFR1i9MH+5Ch9t1zhb/Lp1g==",
      "type": "package",
      "path": "microsoft.rest.clientruntime/2.3.10",
      "files": [
        ".signature.p7s",
        "lib/net452/Microsoft.Rest.ClientRuntime.dll",
        "lib/net452/Microsoft.Rest.ClientRuntime.runtimeconfig.json",
        "lib/net452/Microsoft.Rest.ClientRuntime.xml",
        "lib/netstandard1.4/Microsoft.Rest.ClientRuntime.dll",
        "lib/netstandard1.4/Microsoft.Rest.ClientRuntime.runtimeconfig.json",
        "lib/netstandard1.4/Microsoft.Rest.ClientRuntime.xml",
        "microsoft.rest.clientruntime.2.3.10.nupkg.sha512",
        "microsoft.rest.clientruntime.nuspec"
      ]
    },
    "Microsoft.VisualStudio.OLE.Interop/7.10.6071": {
      "sha512": "PuINhJH41DbKfkNU+qcyC4Wlt/z0DgI/ViZv6gjUclylnFbUIpCdqm4fK+PKJDfiarHTKnGWkxjKuOIS1Bqs5Q==",
      "type": "package",
      "path": "microsoft.visualstudio.ole.interop/7.10.6071",
      "files": [
        "lib/Microsoft.VisualStudio.OLE.Interop.dll",
        "lib/Microsoft.VisualStudio.OLE.Interop.xml",
        "microsoft.visualstudio.ole.interop.7.10.6071.nupkg.sha512",
        "microsoft.visualstudio.ole.interop.nuspec"
      ]
    },
    "Newtonsoft.Json/11.0.2": {
      "sha512": "IvJe1pj7JHEsP8B8J8DwlMEx8UInrs/x+9oVY+oCD13jpLu4JbJU2WCIsMRn5C4yW9+DgkaO8uiVE5VHKjpmdQ==",
      "type": "package",
      "path": "newtonsoft.json/11.0.2",
      "files": [
        "LICENSE.md",
        "lib/net20/Newtonsoft.Json.dll",
        "lib/net20/Newtonsoft.Json.xml",
        "lib/net35/Newtonsoft.Json.dll",
        "lib/net35/Newtonsoft.Json.xml",
        "lib/net40/Newtonsoft.Json.dll",
        "lib/net40/Newtonsoft.Json.xml",
        "lib/net45/Newtonsoft.Json.dll",
        "lib/net45/Newtonsoft.Json.xml",
        "lib/netstandard1.0/Newtonsoft.Json.dll",
        "lib/netstandard1.0/Newtonsoft.Json.xml",
        "lib/netstandard1.3/Newtonsoft.Json.dll",
        "lib/netstandard1.3/Newtonsoft.Json.xml",
        "lib/netstandard2.0/Newtonsoft.Json.dll",
        "lib/netstandard2.0/Newtonsoft.Json.xml",
        "lib/portable-net40+sl5+win8+wp8+wpa81/Newtonsoft.Json.dll",
        "lib/portable-net40+sl5+win8+wp8+wpa81/Newtonsoft.Json.xml",
        "lib/portable-net45+win8+wp8+wpa81/Newtonsoft.Json.dll",
        "lib/portable-net45+win8+wp8+wpa81/Newtonsoft.Json.xml",
        "newtonsoft.json.11.0.2.nupkg.sha512",
        "newtonsoft.json.nuspec"
      ]
    },
    "NPOI/2.4.1": {
      "sha512": "k6KgsGWQpODQcIo7SwTw4j0be6qILTQlk7xKMEPQjp1Bz3+YaUZSvQ/ePG5vcLKnzGDgGGN1TccvYccmrZU53g==",
      "type": "package",
      "path": "npoi/2.4.1",
      "files": [
        ".signature.p7s",
        "LICENSE",
        "Read Me.txt",
        "lib/NPOI.xml",
        "lib/net40/NPOI.OOXML.dll",
        "lib/net40/NPOI.OpenXml4Net.dll",
        "lib/net40/NPOI.OpenXmlFormats.dll",
        "lib/net40/NPOI.dll",
        "lib/net45/NPOI.OOXML.dll",
        "lib/net45/NPOI.OpenXml4Net.dll",
        "lib/net45/NPOI.OpenXmlFormats.dll",
        "lib/net45/NPOI.dll",
        "lib/netstandard2.0/NPOI.OOXML.deps.json",
        "lib/netstandard2.0/NPOI.OOXML.dll",
        "lib/netstandard2.0/NPOI.OpenXml4Net.deps.json",
        "lib/netstandard2.0/NPOI.OpenXml4Net.dll",
        "lib/netstandard2.0/NPOI.OpenXmlFormats.deps.json",
        "lib/netstandard2.0/NPOI.OpenXmlFormats.dll",
        "lib/netstandard2.0/NPOI.deps.json",
        "lib/netstandard2.0/NPOI.dll",
        "logo/120_120.jpg",
        "logo/240_240.png",
        "logo/32_32.jpg",
        "logo/60_60.jpg",
        "npoi.2.4.1.nupkg.sha512",
        "npoi.nuspec"
      ]
    },
    "Numsense/0.12.0": {
      "sha512": "3FIVDyc7JaLlEx6XchLIqhfdI9/eAGFkf0MZC9/MUyTQewRY6mv7EyYkw+6kZpzMjkZZFcdIplIsXnn5bQgIPw==",
      "type": "package",
      "path": "numsense/0.12.0",
      "files": [
        "lib/net45/Ploeh.Numsense.XML",
        "lib/net45/Ploeh.Numsense.dll",
        "numsense.0.12.0.nupkg.sha512",
        "numsense.nuspec"
      ]
    },
    "RestSharp/106.3.1": {
      "sha512": "TmlN7SXjK52zzpQDTuzw7IH3XQ2Svtss/4zvQBKIgf74QIVxvlxoAqQYu1EhNQ1bMSBIQ4aK120BO7W+v8/kiQ==",
      "type": "package",
      "path": "restsharp/106.3.1",
      "files": [
        "lib/net452/RestSharp.dll",
        "lib/netstandard2.0/RestSharp.dll",
        "restsharp.106.3.1.nupkg.sha512",
        "restsharp.nuspec"
      ]
    },
    "SharpZipLib/1.0.0": {
      "sha512": "38egGevtPMQn/6olZZUteKUC7+BD47LdCGKo9Vyj17+HWDwiqPXsyJu55q9WSybhwVKwt0q2FLhiuJjZfQpsHw==",
      "type": "package",
      "path": "sharpziplib/1.0.0",
      "files": [
        ".signature.p7s",
        "lib/net45/ICSharpCode.SharpZipLib.dll",
        "lib/net45/ICSharpCode.SharpZipLib.xml",
        "lib/netstandard2.0/ICSharpCode.SharpZipLib.dll",
        "lib/netstandard2.0/ICSharpCode.SharpZipLib.xml",
        "sharpziplib.1.0.0.nupkg.sha512",
        "sharpziplib.nuspec"
      ]
    },
    "System.Collections.Immutable/1.5.0": {
      "sha512": "t4YSqgtqL0rIclav1vjD88bd3zeyVcYTq52cewgjtmahnoCDkkC8VSiQMbAgaQVbmxuDY6QxFxuYILhirqppKA==",
      "type": "package",
      "path": "system.collections.immutable/1.5.0",
      "files": [
        ".signature.p7s",
        "LICENSE.TXT",
        "THIRD-PARTY-NOTICES.TXT",
        "lib/netstandard1.0/System.Collections.Immutable.dll",
        "lib/netstandard1.0/System.Collections.Immutable.xml",
        "lib/netstandard1.3/System.Collections.Immutable.dll",
        "lib/netstandard1.3/System.Collections.Immutable.xml",
        "lib/netstandard2.0/System.Collections.Immutable.dll",
        "lib/netstandard2.0/System.Collections.Immutable.xml",
        "lib/portable-net45+win8+wp8+wpa81/System.Collections.Immutable.dll",
        "lib/portable-net45+win8+wp8+wpa81/System.Collections.Immutable.xml",
        "system.collections.immutable.1.5.0.nupkg.sha512",
        "system.collections.immutable.nuspec",
        "useSharedDesignerContext.txt",
        "version.txt"
      ]
    },
    "System.Runtime.InteropServices.RuntimeInformation/4.3.0": {
      "sha512": "cbz4YJMqRDR7oLeMRbdYv7mYzc++17lNhScCX0goO2XpGWdvAt60CGN+FHdePUEHCe/Jy9jUlvNAiNdM+7jsOw==",
      "type": "package",
      "path": "system.runtime.interopservices.runtimeinformation/4.3.0",
      "files": [
        "ThirdPartyNotices.txt",
        "dotnet_library_license.txt",
        "lib/MonoAndroid10/_._",
        "lib/MonoTouch10/_._",
        "lib/net45/System.Runtime.InteropServices.RuntimeInformation.dll",
        "lib/netstandard1.1/System.Runtime.InteropServices.RuntimeInformation.dll",
        "lib/win8/System.Runtime.InteropServices.RuntimeInformation.dll",
        "lib/wpa81/System.Runtime.InteropServices.RuntimeInformation.dll",
        "lib/xamarinios10/_._",
        "lib/xamarinmac20/_._",
        "lib/xamarintvos10/_._",
        "lib/xamarinwatchos10/_._",
        "ref/MonoAndroid10/_._",
        "ref/MonoTouch10/_._",
        "ref/netstandard1.1/System.Runtime.InteropServices.RuntimeInformation.dll",
        "ref/xamarinios10/_._",
        "ref/xamarinmac20/_._",
        "ref/xamarintvos10/_._",
        "ref/xamarinwatchos10/_._",
        "runtimes/aot/lib/netcore50/System.Runtime.InteropServices.RuntimeInformation.dll",
        "runtimes/unix/lib/netstandard1.1/System.Runtime.InteropServices.RuntimeInformation.dll",
        "runtimes/win/lib/net45/System.Runtime.InteropServices.RuntimeInformation.dll",
        "runtimes/win/lib/netcore50/System.Runtime.InteropServices.RuntimeInformation.dll",
        "runtimes/win/lib/netstandard1.1/System.Runtime.InteropServices.RuntimeInformation.dll",
        "system.runtime.interopservices.runtimeinformation.4.3.0.nupkg.sha512",
        "system.runtime.interopservices.runtimeinformation.nuspec"
      ]
    },
    "System.ValueTuple/4.5.0": {
      "sha512": "b4TIdjLi5RepihnaO93cfjAgi69fx1ViGvNHYhy9k77LKms2BowENhdpZn9bL9s/dp0tOhv31olkSaQSoHgxTA==",
      "type": "package",
      "path": "system.valuetuple/4.5.0",
      "files": [
        ".signature.p7s",
        "LICENSE.TXT",
        "THIRD-PARTY-NOTICES.TXT",
        "lib/MonoAndroid10/_._",
        "lib/MonoTouch10/_._",
        "lib/net461/System.ValueTuple.dll",
        "lib/net461/System.ValueTuple.xml",
        "lib/net47/System.ValueTuple.dll",
        "lib/net47/System.ValueTuple.xml",
        "lib/netcoreapp2.0/_._",
        "lib/netstandard1.0/System.ValueTuple.dll",
        "lib/netstandard1.0/System.ValueTuple.xml",
        "lib/netstandard2.0/_._",
        "lib/portable-net40+sl4+win8+wp8/System.ValueTuple.dll",
        "lib/portable-net40+sl4+win8+wp8/System.ValueTuple.xml",
        "lib/uap10.0.16299/_._",
        "lib/xamarinios10/_._",
        "lib/xamarinmac20/_._",
        "lib/xamarintvos10/_._",
        "lib/xamarinwatchos10/_._",
        "ref/MonoAndroid10/_._",
        "ref/MonoTouch10/_._",
        "ref/net461/System.ValueTuple.dll",
        "ref/net47/System.ValueTuple.dll",
        "ref/netcoreapp2.0/_._",
        "ref/netstandard2.0/_._",
        "ref/portable-net40+sl4+win8+wp8/System.ValueTuple.dll",
        "ref/uap10.0.16299/_._",
        "ref/xamarinios10/_._",
        "ref/xamarinmac20/_._",
        "ref/xamarintvos10/_._",
        "ref/xamarinwatchos10/_._",
        "system.valuetuple.4.5.0.nupkg.sha512",
        "system.valuetuple.nuspec",
        "useSharedDesignerContext.txt",
        "version.txt"
      ]
    },
    "UiPath/10.0.6929.25268": {
      "sha512": "WtksnbPlCcLZxNdg0Qx9k3tICYbXUu3q8qqddl6rSBfRUvWOCZEDKRJ1ojhxM9OlPoJtqCPKDJLT1Y/Jg7M7eA==",
      "type": "package",
      "path": "uipath/10.0.6929.25268",
      "files": [
        "build/UiPath.targets",
        "build/UiPath/BrowserNativeMessagingImpl.dll",
        "build/UiPath/FuncServer_x64.exe",
        "build/UiPath/FuncServer_x86.exe",
        "build/UiPath/JavaSupport/UiPathBridge.jar",
        "build/UiPath/JavaSupport/UiPathJBIntruder.jar",
        "build/UiPath/JavaSupport/UiPathV8.jar",
        "build/UiPath/JavaSupport/attach_x64/6/attach.dll",
        "build/UiPath/JavaSupport/attach_x64/7/attach.dll",
        "build/UiPath/JavaSupport/attach_x86/6/attach.dll",
        "build/UiPath/JavaSupport/attach_x86/7/attach.dll",
        "build/UiPath/JavaSupport/jaccess-1_2.jar",
        "build/UiPath/JavaSupport/jaccess-1_3.jar",
        "build/UiPath/JavaSupport/jaccess-1_4.jar",
        "build/UiPath/JavaSupport/jaccess.jar",
        "build/UiPath/JavaSupport/tools.jar",
        "build/UiPath/JavaSupport/xml-apis.jar",
        "build/UiPath/Resources/x32.manifest",
        "build/UiPath/Resources/x64.manifest",
        "build/UiPath/SLBroker.dll",
        "build/UiPath/SLBroker.xap",
        "build/UiPath/SLHook.dll",
        "build/UiPath/ShaferFilechck.dll",
        "build/UiPath/TCapture.dll",
        "build/UiPath/TCapture_x64.dll",
        "build/UiPath/UiEventHook.dll",
        "build/UiPath/UiEventHook_x64.dll",
        "build/UiPath/UiPath.dll",
        "build/UiPath/UiPathJavaBridgeImplV8.dll",
        "build/UiPath/UiPathJavaBridgeImplV8_x64.dll",
        "build/UiPath/UiPathJavaBridgeV8.dll",
        "build/UiPath/UiPathJavaBridgeV8_x64.dll",
        "build/UiPath/UiPathRemoteRuntime.exe",
        "build/UiPath/UiPathSLB.dll",
        "build/UiPath/UiPathSLB_x64.dll",
        "build/UiPath/UiPathVirtualChannelCitrix.dll",
        "build/UiPath/UiPathVirtualChannelRdp.dll",
        "build/UiPath/UiPath_x64.dll",
        "build/UiPath/aahook.dll",
        "build/UiPath/aahook_x64.dll",
        "build/UiPath/license.config",
        "build/UiPath/msvcr100.dll",
        "build/UiPath/slinject.exe",
        "build/UiPath/x64/ShaferFilechck_x64.DLL",
        "build/UiPath/x64/msvcr100.dll",
        "lib/UiPath.Interop.dll",
        "uipath.10.0.6929.25268.nupkg.sha512",
        "uipath.nuspec"
      ]
    },
    "UiPath.CefSharpBundle/1.0.0": {
      "sha512": "TN8AUtmqFr4XOytnmtHFAOKazOr1gaGa1DeM3QSL9MFk9UWBYUBEV8NzSl2kc/zY1ZpA2o1fOPQbD6PxVzshgA==",
      "type": "package",
      "path": "uipath.cefsharpbundle/1.0.0",
      "files": [
        "build/UiPath.CefSharpBundle.targets",
        "lib/net452/CefSharp.BrowserSubprocess.Core.dll",
        "lib/net452/CefSharp.BrowserSubprocess.exe",
        "lib/net452/CefSharp.Core.dll",
        "lib/net452/CefSharp.Core.xml",
        "lib/net452/CefSharp.Wpf.XML",
        "lib/net452/CefSharp.Wpf.dll",
        "lib/net452/CefSharp.XML",
        "lib/net452/CefSharp.dll",
        "lib/net452/UiPath.CEFSharpBundle.dll",
        "lib/net452/cef.pak",
        "lib/net452/cef_100_percent.pak",
        "lib/net452/cef_200_percent.pak",
        "lib/net452/cef_extensions.pak",
        "lib/net452/chrome_elf.dll",
        "lib/net452/d3dcompiler_47.dll",
        "lib/net452/icudtl.dat",
        "lib/net452/libEGL.dll",
        "lib/net452/libGLESv2.dll",
        "lib/net452/libcef.dll",
        "lib/net452/locales/am.pak",
        "lib/net452/locales/ar.pak",
        "lib/net452/locales/bg.pak",
        "lib/net452/locales/bn.pak",
        "lib/net452/locales/ca.pak",
        "lib/net452/locales/cs.pak",
        "lib/net452/locales/da.pak",
        "lib/net452/locales/de.pak",
        "lib/net452/locales/el.pak",
        "lib/net452/locales/en-GB.pak",
        "lib/net452/locales/en-US.pak",
        "lib/net452/locales/es-419.pak",
        "lib/net452/locales/es.pak",
        "lib/net452/locales/et.pak",
        "lib/net452/locales/fa.pak",
        "lib/net452/locales/fi.pak",
        "lib/net452/locales/fil.pak",
        "lib/net452/locales/fr.pak",
        "lib/net452/locales/gu.pak",
        "lib/net452/locales/he.pak",
        "lib/net452/locales/hi.pak",
        "lib/net452/locales/hr.pak",
        "lib/net452/locales/hu.pak",
        "lib/net452/locales/id.pak",
        "lib/net452/locales/it.pak",
        "lib/net452/locales/ja.pak",
        "lib/net452/locales/kn.pak",
        "lib/net452/locales/ko.pak",
        "lib/net452/locales/lt.pak",
        "lib/net452/locales/lv.pak",
        "lib/net452/locales/ml.pak",
        "lib/net452/locales/mr.pak",
        "lib/net452/locales/ms.pak",
        "lib/net452/locales/nb.pak",
        "lib/net452/locales/nl.pak",
        "lib/net452/locales/pl.pak",
        "lib/net452/locales/pt-BR.pak",
        "lib/net452/locales/pt-PT.pak",
        "lib/net452/locales/ro.pak",
        "lib/net452/locales/ru.pak",
        "lib/net452/locales/sk.pak",
        "lib/net452/locales/sl.pak",
        "lib/net452/locales/sr.pak",
        "lib/net452/locales/sv.pak",
        "lib/net452/locales/sw.pak",
        "lib/net452/locales/ta.pak",
        "lib/net452/locales/te.pak",
        "lib/net452/locales/th.pak",
        "lib/net452/locales/tr.pak",
        "lib/net452/locales/uk.pak",
        "lib/net452/locales/vi.pak",
        "lib/net452/locales/zh-CN.pak",
        "lib/net452/locales/zh-TW.pak",
        "lib/net452/msvcp140.dll",
        "lib/net452/natives_blob.bin",
        "lib/net452/snapshot_blob.bin",
        "lib/net452/swiftshader/libEGL.dll",
        "lib/net452/swiftshader/libGLESv2.dll",
        "lib/net452/v8_context_snapshot.bin",
        "lib/net452/vcruntime140.dll",
        "license.txt",
        "uipath.cefsharpbundle.1.0.0.nupkg.sha512",
        "uipath.cefsharpbundle.nuspec"
      ]
    },
    "UiPath.Cognitive.Activities/2.2.0": {
      "sha512": "pBQ+IsZ4Gflt18knNoxzhRiDAlyF/9uYb1EqnKRZ8ehh7x5uAh6LeseF2D6GHLqoL5DMaTsURqqoegULrTfH1g==",
      "type": "package",
      "path": "uipath.cognitive.activities/2.2.0",
      "files": [
        "lib/net452/UiPath.Cognitive.Activities.Design.dll",
        "lib/net452/UiPath.Cognitive.Activities.dll",
        "lib/net452/UiPath.Cognitive.dll",
        "lib/net452/fr/UiPath.Cognitive.Activities.Design.resources.dll",
        "lib/net452/fr/UiPath.Cognitive.Activities.resources.dll",
        "lib/net452/fr/UiPath.Cognitive.resources.dll",
        "lib/net452/ja/UiPath.Cognitive.Activities.Design.resources.dll",
        "lib/net452/ja/UiPath.Cognitive.Activities.resources.dll",
        "lib/net452/ja/UiPath.Cognitive.resources.dll",
        "lib/net452/ru/UiPath.Cognitive.Activities.Design.resources.dll",
        "lib/net452/ru/UiPath.Cognitive.Activities.resources.dll",
        "lib/net452/ru/UiPath.Cognitive.resources.dll",
        "uipath.cognitive.activities.2.2.0.nupkg.sha512",
        "uipath.cognitive.activities.nuspec"
      ]
    },
    "UiPath.Credentials.Activities/1.1.6479.13204": {
      "sha512": "2C7e17Lk1G6QenZQwA5q0DETGdAb9K34p6SqPcAOdHHyr+BtYSWLWhXn+zNlMF8ZCr51pHCiBPNp33nok2B3Qw==",
      "type": "package",
      "path": "uipath.credentials.activities/1.1.6479.13204",
      "files": [
        "lib/net40-client/UiPath.Credentials.Activities.dll",
        "uipath.credentials.activities.1.1.6479.13204.nupkg.sha512",
        "uipath.credentials.activities.nuspec"
      ]
    },
    "UiPath.Database.Activities/1.2.6863.32528": {
      "sha512": "eNPiEjZztYygiGSvHoQla7A/IJZ54fa3qVkQRG7W+ANyI4mWsjkq0fKbPThaRIThrpJVwyU+0VMavTpHZCNKpQ==",
      "type": "package",
      "path": "uipath.database.activities/1.2.6863.32528",
      "files": [
        "lib/net40-Client/Microsoft.Data.ConnectionUI.Dialog.dll",
        "lib/net40-Client/UiPath.Database.Activities.Design.dll",
        "lib/net40-Client/UiPath.Database.Activities.dll",
        "lib/net40-Client/UiPath.Database.dll",
        "lib/net40-Client/de/UiPath.Database.Activities.Design.resources.dll",
        "lib/net40-Client/de/UiPath.Database.Activities.resources.dll",
        "lib/net40-Client/de/UiPath.Database.resources.dll",
        "lib/net40-Client/fr/UiPath.Database.Activities.Design.resources.dll",
        "lib/net40-Client/fr/UiPath.Database.Activities.resources.dll",
        "lib/net40-Client/fr/UiPath.Database.resources.dll",
        "lib/net40-Client/ja/UiPath.Database.Activities.Design.resources.dll",
        "lib/net40-Client/ja/UiPath.Database.Activities.resources.dll",
        "lib/net40-Client/ja/UiPath.Database.resources.dll",
        "uipath.database.activities.1.2.6863.32528.nupkg.sha512",
        "uipath.database.activities.nuspec"
      ]
    },
    "UiPath.Excel.Activities/2.5.2": {
      "sha512": "CNXcB2+kpNp9z2CUTZKZjNtvO1nqloVmyKRrHUgObqXHSm1syr7wDeVYvYajtOOw5P2vlo0i8Ro85SJRs79fRg==",
      "type": "package",
      "path": "uipath.excel.activities/2.5.2",
      "files": [
        "lib/net452/UiPath.Excel.Activities.Design.dll",
        "lib/net452/UiPath.Excel.Activities.dll",
        "lib/net452/UiPath.Excel.dll",
        "lib/net452/fr/UiPath.Excel.Activities.Design.resources.dll",
        "lib/net452/fr/UiPath.Excel.Activities.resources.dll",
        "lib/net452/fr/UiPath.Excel.resources.dll",
        "lib/net452/ja/UiPath.Excel.Activities.Design.resources.dll",
        "lib/net452/ja/UiPath.Excel.Activities.resources.dll",
        "lib/net452/ja/UiPath.Excel.resources.dll",
        "lib/net452/ru/UiPath.Excel.Activities.Design.resources.dll",
        "lib/net452/ru/UiPath.Excel.Activities.resources.dll",
        "lib/net452/ru/UiPath.Excel.resources.dll",
        "uipath.excel.activities.2.5.2.nupkg.sha512",
        "uipath.excel.activities.nuspec"
      ]
    },
    "UiPath.IntelligentOCR.Activities/1.5.0": {
      "sha512": "g3iOzIIy47NPM0oVfNpYnEtFWktNnbqo5O+sit6agtF5MJT8xJRrMVhnPMjgqIICgZW1imDPDq0gzwHSKJ0IJA==",
      "type": "package",
      "path": "uipath.intelligentocr.activities/1.5.0",
      "files": [
        "content/Dependencies/NTextCat/languages.profile.xml",
        "content/Dependencies/SupportedLanguages.json",
        "content/Dependencies/Word List/words_alpha.txt",
        "lib/net452/Dependencies/NTextCat/languages.profile.xml",
        "lib/net452/Dependencies/SupportedLanguages.json",
        "lib/net452/Dependencies/Word List/words_alpha.txt",
        "lib/net452/FCEngine.VisualComponents.dll",
        "lib/net452/Interop.FCEngine.dll",
        "lib/net452/UiPath.IntelligentOCR.Activities.Design.dll",
        "lib/net452/UiPath.IntelligentOCR.Activities.dll",
        "lib/net452/UiPath.IntelligentOCR.dll",
        "lib/net452/UiPath.SmartData.Data.dll",
        "lib/net452/UiPath.SmartData.DataContracts.dll",
        "lib/net452/UiPath.SmartData.Digitization.dll",
        "lib/net452/UiPath.SmartData.DocumentClassification.dll",
        "lib/net452/UiPath.SmartData.FixedForms.dll",
        "lib/net452/UiPath.SmartData.ImageProcessing.dll",
        "lib/net452/UiPath.SmartData.Language.dll",
        "lib/net452/UiPath.SmartData.OCR.dll",
        "lib/net452/UiPath.SmartData.OutOfProcessUi.Common.dll",
        "lib/net452/UiPath.SmartData.OutOfProcessUi.Host.WCF.exe",
        "lib/net452/UiPath.SmartData.PDF.dll",
        "lib/net452/UiPath.SmartData.TableProcessing.dll",
        "lib/net452/UiPath.SmartData.Utils.dll",
        "lib/net452/UiPath.SmartData.ValidationStation.Host.Local.dll",
        "lib/net452/UiPath.SmartData.ValidationStation.Infrastructure.dll",
        "lib/net452/UiPath.SmartData.ValidationStation.Localization.dll",
        "lib/net452/UiPath.SmartData.ValidationStation.PDF.Optimization.dll",
        "lib/net452/UiPath.SmartData.ValidationStation.Storage.dll",
        "lib/net452/UiPath.SmartData.ValidationStation.ValueParsing.dll",
        "lib/net452/UiPath.SmartData.ValidationStation.dll",
        "lib/net452/extractioncms/css/default-main-5af2e613.28743fd93ea200a26305.chunk.css",
        "lib/net452/extractioncms/css/vendor-7274e1de.8e4c59b9c6098212cc22.chunk.css",
        "lib/net452/extractioncms/css/vendor-7d359b94.acb12345862b4edd7d7b.chunk.css",
        "lib/net452/extractioncms/css/vendor-f9ca8911.d6b08f204a3cddc17846.chunk.css",
        "lib/net452/extractioncms/fonts/3c1e04901e63bef6c26cbe06c067ca2c.eot",
        "lib/net452/extractioncms/fonts/43d5c718339efeb1177aff722d72669d.woff2",
        "lib/net452/extractioncms/fonts/448c34a56d699c29117adc64c43affeb.woff2",
        "lib/net452/extractioncms/fonts/89889688147bd7575d6327160d64e760.svg",
        "lib/net452/extractioncms/fonts/91433571f154776a1d46c2a287de05d7.svg",
        "lib/net452/extractioncms/fonts/a21b9e1aad96623ef91bca7ecea7b169.woff",
        "lib/net452/extractioncms/fonts/b2e0fc821c6886fb3940f85a3320003e.ttf",
        "lib/net452/extractioncms/fonts/e18bbf611f2a2e43afc071aa2f4e1512.ttf",
        "lib/net452/extractioncms/fonts/f4769f9bdb7466be65088239c12046d1.eot",
        "lib/net452/extractioncms/fonts/fa2772327f55d8198301fdb8bcfc8158.woff",
        "lib/net452/extractioncms/images/rect_red.png",
        "lib/net452/extractioncms/images/spinner.gif",
        "lib/net452/extractioncms/index.html",
        "lib/net452/extractioncms/js/default-main-5af2e613.28743fd93ea200a26305.chunk.js",
        "lib/net452/extractioncms/js/main.d19d8bb83b46ce2fd6fa.bundle.js",
        "lib/net452/extractioncms/js/pdf.worker.js",
        "lib/net452/extractioncms/js/vendor-0dc2813c.4b0a91a3107a675d02ac.chunk.js",
        "lib/net452/extractioncms/js/vendor-2a42e354.27aabca22d5e83871d7a.chunk.js",
        "lib/net452/extractioncms/js/vendor-7274e1de.8e4c59b9c6098212cc22.chunk.js",
        "lib/net452/extractioncms/js/vendor-7d359b94.acb12345862b4edd7d7b.chunk.js",
        "lib/net452/extractioncms/js/vendor-b58f7129.9170781e5920472b8a32.chunk.js",
        "lib/net452/extractioncms/js/vendor-f9ca8911.d6b08f204a3cddc17846.chunk.js",
        "lib/net452/fr/UiPath.IntelligentOCR.Activities.Design.resources.dll",
        "lib/net452/fr/UiPath.IntelligentOCR.Activities.resources.dll",
        "lib/net452/fr/UiPath.IntelligentOCR.resources.dll",
        "lib/net452/fr/UiPath.SmartData.ValidationStation.Host.Local.resources.dll",
        "lib/net452/fr/UiPath.SmartData.ValidationStation.Localization.resources.dll",
        "lib/net452/ja/UiPath.IntelligentOCR.Activities.Design.resources.dll",
        "lib/net452/ja/UiPath.IntelligentOCR.Activities.resources.dll",
        "lib/net452/ja/UiPath.IntelligentOCR.resources.dll",
        "lib/net452/ja/UiPath.SmartData.ValidationStation.Host.Local.resources.dll",
        "lib/net452/ja/UiPath.SmartData.ValidationStation.Localization.resources.dll",
        "lib/net452/ru/UiPath.IntelligentOCR.Activities.Design.resources.dll",
        "lib/net452/ru/UiPath.IntelligentOCR.Activities.resources.dll",
        "lib/net452/ru/UiPath.IntelligentOCR.resources.dll",
        "lib/net452/ru/UiPath.SmartData.ValidationStation.Host.Local.resources.dll",
        "lib/net452/ru/UiPath.SmartData.ValidationStation.Localization.resources.dll",
        "uipath.intelligentocr.activities.1.5.0.nupkg.sha512",
        "uipath.intelligentocr.activities.nuspec"
      ]
    },
    "UiPath.Mail.Activities/1.1.6562.21018": {
      "sha512": "6UJhdqbZuza2HafFXxhNImsQB/sYAOs88L3ChTG/qgtN1ZHjw8On7DH6wwUmYUeNxGydu1JoRyM4F8/5IVPMyQ==",
      "type": "package",
      "path": "uipath.mail.activities/1.1.6562.21018",
      "files": [
        "lib/net40/MailKit.dll",
        "lib/net40/MailKit.xml",
        "lib/net40/MimeKit.dll",
        "lib/net40/MimeKit.xml",
        "lib/net40/UiPath.Mail.Activities.Design.dll",
        "lib/net40/UiPath.Mail.Activities.dll",
        "lib/net40/UiPath.Mail.dll",
        "uipath.mail.activities.1.1.6562.21018.nupkg.sha512",
        "uipath.mail.activities.nuspec"
      ]
    },
    "UiPath.PDF.Activities/1.3.1": {
      "sha512": "wn8D/aU0p78Ku6hRhJ3JYtB/r+FrXOeQCNm0zen11f4besSVRpQm8NGew79cACOnmgBXHluCeKU3H9E5Q+/0gg==",
      "type": "package",
      "path": "uipath.pdf.activities/1.3.1",
      "files": [
        "lib/net452/UiPath.PDF.Activities.Design.dll",
        "lib/net452/UiPath.PDF.Activities.dll",
        "lib/net452/UiPath.PDF.dll",
        "lib/net452/fr/UiPath.PDF.Activities.Design.resources.dll",
        "lib/net452/fr/UiPath.PDF.Activities.resources.dll",
        "lib/net452/fr/UiPath.PDF.resources.dll",
        "lib/net452/ja/UiPath.PDF.Activities.Design.resources.dll",
        "lib/net452/ja/UiPath.PDF.Activities.resources.dll",
        "lib/net452/ja/UiPath.PDF.resources.dll",
        "lib/net452/ru/UiPath.PDF.Activities.Design.resources.dll",
        "lib/net452/ru/UiPath.PDF.Activities.resources.dll",
        "lib/net452/ru/UiPath.PDF.resources.dll",
        "lib/net452/x86/pdfium.dll",
        "uipath.pdf.activities.1.3.1.nupkg.sha512",
        "uipath.pdf.activities.nuspec"
      ]
    },
    "UiPath.Python.Activities/1.1.6863.33404": {
      "sha512": "I45p4opSWinCChYA1abDzGiWdtrCRtrLGHmax4+4WF24XwhywfMHgi7uo+/VhJRRrzVxoePjBZQWh+zKueFBmg==",
      "type": "package",
      "path": "uipath.python.activities/1.1.6863.33404",
      "files": [
        "lib/net452/UiPath.Python.Activities.Design.dll",
        "lib/net452/UiPath.Python.Activities.dll",
        "lib/net452/UiPath.Python.Host.exe",
        "lib/net452/UiPath.Python.Host32.exe",
        "lib/net452/UiPath.Python.dll",
        "lib/net452/de/UiPath.Python.Activities.Design.resources.dll",
        "lib/net452/de/UiPath.Python.Activities.resources.dll",
        "lib/net452/de/UiPath.Python.resources.dll",
        "lib/net452/fr/UiPath.Python.Activities.Design.resources.dll",
        "lib/net452/fr/UiPath.Python.Activities.resources.dll",
        "lib/net452/fr/UiPath.Python.resources.dll",
        "lib/net452/ja/UiPath.Python.Activities.Design.resources.dll",
        "lib/net452/ja/UiPath.Python.Activities.resources.dll",
        "lib/net452/ja/UiPath.Python.resources.dll",
        "lib/net452/x64/Python.Runtime.35.dll",
        "lib/net452/x64/Python.Runtime.36.dll",
        "lib/net452/x86/Python.Runtime.27.dll",
        "lib/net452/x86/Python.Runtime.33.dll",
        "lib/net452/x86/Python.Runtime.34.dll",
        "lib/net452/x86/Python.Runtime.35.dll",
        "lib/net452/x86/Python.Runtime.36.dll",
        "uipath.python.activities.1.1.6863.33404.nupkg.sha512",
        "uipath.python.activities.nuspec"
      ]
    },
    "UiPath.System.Activities/18.4.2": {
      "sha512": "AbRu7ROOp5f2WDpuQNcQalwjusixbIAlP+rzdSKCmXnaW8J8E969GSoxeCf2nk010c4NOvqQQM5NAd8xdfJgFg==",
      "type": "package",
      "path": "uipath.system.activities/18.4.2",
      "files": [
        "lib/net461/ActiproSoftware.Docking.Wpf.dll",
        "lib/net461/ActiproSoftware.Ribbon.Wpf.dll",
        "lib/net461/ActiproSoftware.Shared.Wpf.dll",
        "lib/net461/ActiproSoftware.SyntaxEditor.Addons.DotNet.Wpf.dll",
        "lib/net461/ActiproSoftware.SyntaxEditor.Wpf.dll",
        "lib/net461/ActiproSoftware.Text.Addons.DotNet.Wpf.dll",
        "lib/net461/ActiproSoftware.Text.LLParser.Wpf.dll",
        "lib/net461/ActiproSoftware.Text.Wpf.dll",
        "lib/net461/ActiproSoftware.Wizard.Wpf.dll",
        "lib/net461/UiPath.OrchestratorClient.dll",
        "lib/net461/UiPath.System.Activities.Design.dll",
        "lib/net461/UiPath.System.Activities.dll",
        "lib/net461/fr/UiPath.System.Activities.Design.resources.dll",
        "lib/net461/fr/UiPath.System.Activities.resources.dll",
        "lib/net461/ja/UiPath.System.Activities.Design.resources.dll",
        "lib/net461/ja/UiPath.System.Activities.resources.dll",
        "lib/net461/ru/UiPath.System.Activities.Design.resources.dll",
        "lib/net461/ru/UiPath.System.Activities.resources.dll",
        "uipath.system.activities.18.4.2.nupkg.sha512",
        "uipath.system.activities.nuspec"
      ]
    },
    "UiPath.UIAutomation.Activities/18.4.3": {
      "sha512": "uM6KCbJzxv/OcUbOfyYVqJqQ9f5naEW8TT/2MO3+zpFAyRUhNhkUSyJysQNkuEJtT+RFxanKUVGwa0RYsswoxA==",
      "type": "package",
      "path": "uipath.uiautomation.activities/18.4.3",
      "files": [
        "build/ActiproSoftware.Docking.Wpf.dll",
        "build/ActiproSoftware.Editors.Wpf.dll",
        "build/ActiproSoftware.Ribbon.Wpf.dll",
        "build/ActiproSoftware.Shared.Wpf.dll",
        "build/ActiproSoftware.SyntaxEditor.Addons.DotNet.Wpf.dll",
        "build/ActiproSoftware.SyntaxEditor.Wpf.dll",
        "build/ActiproSoftware.Text.Addons.DotNet.Wpf.dll",
        "build/ActiproSoftware.Text.LLParser.Wpf.dll",
        "build/ActiproSoftware.Text.Wpf.dll",
        "build/ActiproSoftware.Wizard.Wpf.dll",
        "build/Caliburn.Micro.Platform.Core.dll",
        "build/Caliburn.Micro.Platform.dll",
        "build/Caliburn.Micro.dll",
        "build/ICSharpCode.AvalonEdit.dll",
        "build/System.Windows.Interactivity.dll",
        "build/UiExplorer.exe",
        "build/UiExplorer.exe.config",
        "build/UiPath.Activities.Contracts.dll",
        "build/UiPath.UiAutomation.Activities.dll",
        "build/fr/UiExplorer.resources.dll",
        "build/fr/UiPath.UiAutomation.Activities.resources.dll",
        "build/ja/UiExplorer.resources.dll",
        "build/ja/UiPath.UiAutomation.Activities.resources.dll",
        "build/ru/UiExplorer.resources.dll",
        "build/ru/UiPath.UiAutomation.Activities.resources.dll",
        "lib/net461/ActiproSoftware.Docking.Wpf.dll",
        "lib/net461/ActiproSoftware.Editors.Wpf.dll",
        "lib/net461/ActiproSoftware.Ribbon.Wpf.dll",
        "lib/net461/ActiproSoftware.Shared.Wpf.dll",
        "lib/net461/ActiproSoftware.SyntaxEditor.Addons.DotNet.Wpf.dll",
        "lib/net461/ActiproSoftware.SyntaxEditor.Wpf.dll",
        "lib/net461/ActiproSoftware.Text.Addons.DotNet.Wpf.dll",
        "lib/net461/ActiproSoftware.Text.LLParser.Wpf.dll",
        "lib/net461/ActiproSoftware.Text.Wpf.dll",
        "lib/net461/ActiproSoftware.Wizard.Wpf.dll",
        "lib/net461/UiPath.UIAutomation.Activities.Design.dll",
        "lib/net461/UiPath.UiAutomation.Activities.dll",
        "lib/net461/UiPath.Wizards.dll",
        "lib/net461/fr/UiPath.UIAutomation.Activities.Design.resources.dll",
        "lib/net461/fr/UiPath.UiAutomation.Activities.resources.dll",
        "lib/net461/fr/UiPath.Wizards.resources.dll",
        "lib/net461/ja/UiPath.UIAutomation.Activities.Design.resources.dll",
        "lib/net461/ja/UiPath.UiAutomation.Activities.resources.dll",
        "lib/net461/ja/UiPath.Wizards.resources.dll",
        "lib/net461/ru/UiPath.UIAutomation.Activities.Design.resources.dll",
        "lib/net461/ru/UiPath.UiAutomation.Activities.resources.dll",
        "lib/net461/ru/UiPath.Wizards.resources.dll",
        "uipath.uiautomation.activities.18.4.3.nupkg.sha512",
        "uipath.uiautomation.activities.nuspec"
      ]
    },
    "UiPath.Vision/1.3.0": {
      "sha512": "BaOjq4r7QymiuGJq+hv7TFAlPaQJsF4tpQc/rVqcVuJgcboPlZwKP22vHc2p3l73xVYyPICAt5gAZasMIdkCEw==",
      "type": "package",
      "path": "uipath.vision/1.3.0",
      "files": [
        "build/AForge.Imaging.dll",
        "build/AForge.Math.dll",
        "build/AForge.dll",
        "build/AbbyyOnlineSdk.dll",
        "build/BouncyCastle.Crypto.dll",
        "build/Emgu.CV.World.dll",
        "build/Exceptionless.dll",
        "build/Google.Api.CommonProtos.dll",
        "build/Google.Api.Gax.Grpc.dll",
        "build/Google.Api.Gax.dll",
        "build/Google.Apis.Auth.PlatformServices.dll",
        "build/Google.Apis.Auth.dll",
        "build/Google.Apis.Core.dll",
        "build/Google.Apis.PlatformServices.dll",
        "build/Google.Apis.dll",
        "build/Google.Cloud.Vision.V1.dll",
        "build/Google.LongRunning.dll",
        "build/Google.Protobuf.dll",
        "build/Grpc.Auth.dll",
        "build/Grpc.Core.dll",
        "build/Microsoft.Azure.CognitiveServices.Vision.ComputerVision.dll",
        "build/Microsoft.ProjectOxford.Vision.dll",
        "build/Microsoft.Rest.ClientRuntime.Azure.dll",
        "build/Microsoft.Rest.ClientRuntime.dll",
        "build/NLog.dll",
        "build/Newtonsoft.Json.dll",
        "build/System.Interactive.Async.dll",
        "build/System.ValueTuple.dll",
        "build/UiPath.NeuralNet.dll",
        "build/UiPath.Vision.Core.dll",
        "build/UiPath.Vision.Host32.exe",
        "build/UiPath.Vision.Host32.exe.config",
        "build/UiPath.Vision.dll",
        "build/ZedGraph.dll",
        "build/Zlib.Portable.dll",
        "build/grpc_csharp_ext.x64.dll",
        "build/grpc_csharp_ext.x86.dll",
        "build/log4net.dll",
        "build/nlog.config",
        "build/tessdata/eng.traineddata",
        "build/x86/concrt140.dll",
        "build/x86/cvextern.dll",
        "build/x86/msvcp140.dll",
        "build/x86/opencv_ffmpeg341.dll",
        "build/x86/tbb.dll",
        "build/x86/vcruntime140.dll",
        "content/grpc_csharp_ext.x64.dll",
        "content/grpc_csharp_ext.x86.dll",
        "content/libgrpc_csharp_ext.x64.dylib",
        "content/libgrpc_csharp_ext.x64.so",
        "content/libgrpc_csharp_ext.x86.dylib",
        "content/libgrpc_csharp_ext.x86.so",
        "lib/net452/UiPath.NeuralNet.dll",
        "lib/net452/UiPath.Vision.Core.dll",
        "lib/net452/UiPath.Vision.Host32.exe",
        "lib/net452/UiPath.Vision.dll",
        "uipath.vision.1.3.0.nupkg.sha512",
        "uipath.vision.nuspec"
      ]
    },
    "UiPath.WebAPI.Activities/1.4.0": {
      "sha512": "CZMin8MY2+VMKF8Il0EmsVqIpyTKFIP8Wb0Bq/g4x293Qx2+Y5gObZdC3ML4gS7oiD646xUL1U55Y6NIx9dsyA==",
      "type": "package",
      "path": "uipath.webapi.activities/1.4.0",
      "files": [
        "lib/net452/UiPath.Web.Activities.Design.dll",
        "lib/net452/UiPath.Web.Activities.dll",
        "lib/net452/UiPath.Web.dll",
        "lib/net452/fr/UiPath.Web.Activities.Design.resources.dll",
        "lib/net452/fr/UiPath.Web.Activities.resources.dll",
        "lib/net452/fr/UiPath.Web.resources.dll",
        "lib/net452/ja/UiPath.Web.Activities.Design.resources.dll",
        "lib/net452/ja/UiPath.Web.Activities.resources.dll",
        "lib/net452/ja/UiPath.Web.resources.dll",
        "lib/net452/ru/UiPath.Web.Activities.Design.resources.dll",
        "lib/net452/ru/UiPath.Web.Activities.resources.dll",
        "lib/net452/ru/UiPath.Web.resources.dll",
        "uipath.webapi.activities.1.4.0.nupkg.sha512",
        "uipath.webapi.activities.nuspec"
      ]
    },
    "UiPath.Word.Activities/1.3.0": {
      "sha512": "I8VTTWot6/qFrc5EfxqcS2+x4r9N+Bf54eSB6jRUhsrhvEoOJwOzm//Z9p6xbhuVxB0MbQXpH+hm4hmi0DcEuQ==",
      "type": "package",
      "path": "uipath.word.activities/1.3.0",
      "files": [
        "lib/net452/UiPath.Word.Activities.Design.dll",
        "lib/net452/UiPath.Word.Activities.dll",
        "lib/net452/UiPath.Word.dll",
        "lib/net452/fr/UiPath.Word.Activities.Design.resources.dll",
        "lib/net452/fr/UiPath.Word.Activities.resources.dll",
        "lib/net452/fr/UiPath.Word.resources.dll",
        "lib/net452/ja/UiPath.Word.Activities.Design.resources.dll",
        "lib/net452/ja/UiPath.Word.Activities.resources.dll",
        "lib/net452/ja/UiPath.Word.resources.dll",
        "lib/net452/ru/UiPath.Word.Activities.Design.resources.dll",
        "lib/net452/ru/UiPath.Word.Activities.resources.dll",
        "lib/net452/ru/UiPath.Word.resources.dll",
        "uipath.word.activities.1.3.0.nupkg.sha512",
        "uipath.word.activities.nuspec"
      ]
    }
  },
  "projectFileDependencyGroups": {
    "": [],
    ".NETFramework,Version=v4.6.1": [
      "Microsoft.Activities >= 1.0.1 <= 1.0.1",
      "UiPath.Cognitive.Activities >= 2.2.0 <= 2.2.0",
      "UiPath.Credentials.Activities >= 1.1.6479.13204 <= 1.1.6479.13204",
      "UiPath.Database.Activities >= 1.2.6863.32528 <= 1.2.6863.32528",
      "UiPath.Excel.Activities >= 2.5.2 <= 2.5.2",
      "UiPath.IntelligentOCR.Activities >= 1.5.0 <= 1.5.0",
      "UiPath.Mail.Activities >= 1.1.6562.21018 <= 1.1.6562.21018",
      "UiPath.PDF.Activities >= 1.3.1 <= 1.3.1",
      "UiPath.Python.Activities >= 1.1.6863.33404 <= 1.1.6863.33404",
      "UiPath.System.Activities >= 18.4.2 <= 18.4.2",
      "UiPath.UIAutomation.Activities >= 18.4.3 <= 18.4.3",
      "UiPath.WebAPI.Activities >= 1.4.0 <= 1.4.0",
      "UiPath.Word.Activities >= 1.3.0 <= 1.3.0",
      "Volvo.RPA.Activities >= 1.0.0 <= 1.0.0"
    ]
  },
  "packageFolders": {
    "C:\\Users\\A304887\\.nuget\\packages\\": {}
  },
  "project": {
    "restore": {
      "projectUniqueName": "Test",
      "projectName": "Test",
      "projectPath": "C:\\Users\\A304887\\Desktop\\FinalExam\\TechGig_RoboMaster_Code\\.local",
      "packagesPath": "C:\\Users\\A304887\\.nuget\\packages\\",
      "outputPath": "C:\\Users\\A304887\\Desktop\\FinalExam\\TechGig_RoboMaster_Code\\.local"
    },
    "frameworks": {
      "net461": {
        "dependencies": {
          "Microsoft.Activities": {
            "include": "Runtime",
            "target": "Package",
            "version": "[1.0.1, 1.0.1]"
          },
          "UiPath.Cognitive.Activities": {
            "include": "Runtime",
            "target": "Package",
            "version": "[2.2.0, 2.2.0]"
          },
          "UiPath.Credentials.Activities": {
            "include": "Runtime",
            "target": "Package",
            "version": "[1.1.6479.13204, 1.1.6479.13204]"
          },
          "UiPath.Database.Activities": {
            "include": "Runtime",
            "target": "Package",
            "version": "[1.2.6863.32528, 1.2.6863.32528]"
          },
          "UiPath.Excel.Activities": {
            "include": "Runtime",
            "target": "Package",
            "version": "[2.5.2, 2.5.2]"
          },
          "UiPath.IntelligentOCR.Activities": {
            "include": "Runtime",
            "target": "Package",
            "version": "[1.5.0, 1.5.0]"
          },
          "UiPath.Mail.Activities": {
            "include": "Runtime",
            "target": "Package",
            "version": "[1.1.6562.21018, 1.1.6562.21018]"
          },
          "UiPath.PDF.Activities": {
            "include": "Runtime",
            "target": "Package",
            "version": "[1.3.1, 1.3.1]"
          },
          "UiPath.Python.Activities": {
            "include": "Runtime",
            "target": "Package",
            "version": "[1.1.6863.33404, 1.1.6863.33404]"
          },
          "UiPath.System.Activities": {
            "include": "Runtime",
            "target": "Package",
            "version": "[18.4.2, 18.4.2]"
          },
          "UiPath.UIAutomation.Activities": {
            "include": "Runtime",
            "target": "Package",
            "version": "[18.4.3, 18.4.3]"
          },
          "UiPath.WebAPI.Activities": {
            "include": "Runtime",
            "target": "Package",
            "version": "[1.4.0, 1.4.0]"
          },
          "UiPath.Word.Activities": {
            "include": "Runtime",
            "target": "Package",
            "version": "[1.3.0, 1.3.0]"
          },
          "Volvo.RPA.Activities": {
            "include": "Runtime",
            "target": "Package",
            "version": "[1.0.0, 1.0.0]"
          }
        }
      }
    }
  },
  "logs": [
    {
      "code": "NU1101",
      "level": "Error",
      "message": "Unable to find package Volvo.RPA.Activities. No packages exist with this id in source(s): C:\\Program Files (x86)\\Microsoft SDKs\\NuGetPackages\\, C:\\Program Files (x86)\\UiPath\\Studio\\.\\Packages, Community, http://nexus.it.volvo.net/repository/nuget-drs-ms, https://gallery.uipath.com/api/v2, https://rpaqa.volvo.net//nuget/activities, https://www.myget.org/F/workflow/, Local, Microsoft Visual Studio Offline Packages, Official, Volvo",
      "libraryId": "Volvo.RPA.Activities",
      "targetGraphs": [
        ".NETFramework,Version=v4.6.1"
      ]
    }
  ]
}